image_path,scanner_label,split,f0,f1,f2,f3,f4,f5,f6,f7,f8,f9,f10,f11,f12,f13,f14,f15,f16,f17,f18,f19,f20,f21,f22,f23,f24,f25,f26,f27,f28,f29,f30,f31,f32,f33,f34,f35,f36,f37,f38,f39,f40,f41,f42,f43,f44,f45,f46,f47,f48,f49,f50,f51,f52,f53,f54,f55,f56,f57,f58,f59,f60,f61,f62,f63,f64,f65,f66,f67,f68,f69,f70,f71,f72,f73,f74,f75,f76,f77,f78,f79,f80,f81,f82,f83,f84,f85,f86,f87,f88,f89,f90,f91,f92,f93,f94,f95,f96,f97,f98,f99,f100,f101,f102,f103,f104,f105,f106,f107,f108,f109,f110,f111,f112,f113,f114,f115,f116,f117,f118,f119,f120,f121,f122,f123,f124,f125,f126,f127,f128,f129,f130,f131,f132,f133,f134,f135,f136,f137,f138,f139,f140,f141,f142,f143,f144,f145,f146,f147,f148,f149,f150,f151,f152,f153,f154,f155,f156,f157,f158,f159,f160,f161,f162,f163,f164,f165,f166,f167,f168,f169,f170,f171,f172,f173,f174,f175,f176,f177,f178,f179,f180,f181,f182,f183,f184,f185,f186,f187,f188,f189,f190,f191,f192,f193,f194,f195,f196,f197,f198,f199,f200,f201,f202,f203
data/processed/standardized_dataset/repository/goodrahstar-footprint-database-d25efc1/Dactyloscopic/Left/24-3.png,0,train,0.0758776739,0.1303429604,1.5723952055,9.2800073624,0.0448319502,0.0716346130,-0.4522728622,3.6297979355,0.0002348285,-8.2802801132,125.6609802246,0.0001645608,-1.6356753111,11.7174186707,40.9154930115,0.0751322061,0.1275003105,1.7715748549,9.7721948624,0.0482588075,0.0849731937,-0.5963422656,5.6600685120,0.0002297843,-8.7884569168,134.7349090576,0.0001691670,-2.8155994415,30.2151718140,35.7681465149,0.0701446682,0.1202145368,1.4321836233,10.9071187973,0.0419450887,0.0712352619,-0.1473079920,3.9734296799,0.0002528927,-7.4189090729,106.4274673462,0.0001849448,-1.3225538731,9.5662040710,40.2020301819,0.9904323816,0.9720254540,0.9706707597,0.9263276458,0.9687932134,0.9142068624,0.0568443537,0.0716623664,0.2089024782,0.6725049019,0.0759540200,0.1139118746,0.1995634735,0.2937619686,0.0015409598,-1.8154566288,4.1297998428,0.0015145910,-1.7682698965,14.3745727539,-33.6175270081,0.0571244061,0.0719667226,0.3228759766,0.1727886200,0.0744382069,0.1061217114,0.3082032800,-0.0028541088,0.0016239608,-1.8852167130,4.5277056694,0.0016027117,-1.5015679598,12.1124420166,-30.3089370728,0.0687902868,0.0712479427,0.1258793175,0.3939988613,0.0929265767,0.1324911416,0.3103626370,0.6406106949,0.0014329085,-1.4739882946,1.7157392502,0.0012141770,-3.1427488327,29.1258926392,-35.0867691040,0.9956622124,0.9929534197,0.9383878708,0.8997619748,0.9250491261,0.8671967983,0.0459814817,0.0713183209,1.5385307074,4.8599023819,0.0664363503,0.0808807239,1.2487556934,1.6748609543,0.0003387179,1.9481471777,16.6744556427,0.0004841586,0.9253858328,10.7357053757,-44.4850158691,0.0480400249,0.0746162087,1.7343900204,5.6263847351,0.0771973804,0.0809420273,1.1124639511,1.3701276779,0.0003464907,2.2326731682,19.6390094757,0.0005033261,1.1516751051,12.4534530640,-60.6938819885,0.0380487964,0.0631266981,0.9220833778,2.8836350441,0.0557920299,0.0635349154,1.0418004990,1.3868036270,0.0003012028,1.0472695827,11.2609100342,0.0004432212,0.4712690711,6.0116357803,-46.6328392029,0.9906138182,0.9914928675,0.9138046503,0.9346674085,0.8952236176,0.9130218625,0.0696328059,0.0977082700,1.9511444569,5.1835680008,0.1613437086,0.1397371441,0.8477213383,-0.4625897408,0.0005711704,2.5965964794,18.3364124298,0.0006653580,2.3823394775,21.2772102356,-131.7064514160,0.0731157959,0.1019751430,2.0391714573,5.3719673157,0.1718254387,0.1472109854,0.7874346375,-0.6273970604,0.0005890757,2.7297103405,19.9249496460,0.0006897920,2.7048654556,25.1604080200,-135.0045318604,0.0584828407,0.0869387612,1.5710927248,4.1182613373,0.1419879943,0.1233020723,0.9145570397,-0.2193953991,0.0005224788,1.9337916374,13.5054969788,0.0006214207,1.8154957294,15.1416034698,-142.7857360840,0.9914843440,0.9932891726,0.9256370068,0.9330051541,0.9092202187,0.9152318835
data/processed/standardized_dataset/repository/goodrahstar-footprint-database-d25efc1/Dactyloscopic/Left/24-4.png,0,train,0.0500212237,0.0869669616,1.3755855560,8.4692134857,0.0478675030,0.0977984145,-0.1905153841,0.7731194496,0.0002448556,-3.9490501881,46.3457107544,0.0002100149,-0.9150118232,6.3488864899,4.3056139946,0.0596498474,0.1024162993,2.1174728870,10.4653911591,0.0531558953,0.1191280708,-0.1233125404,0.7967309952,0.0002543216,-5.9076585770,79.8941497803,0.0002069652,-1.2309472561,9.7568912506,10.8867874146,0.0530045852,0.0910690576,1.4837824106,8.8898687363,0.0442158245,0.0945497975,-0.3579918742,0.8167026043,0.0002985997,-4.2191677094,45.4384613037,0.0002579396,-0.9141216278,4.5896973610,16.5811328888,0.9698711038,0.9533955455,0.8953523040,0.8242582679,0.8918707371,0.8065267801,0.0422452837,0.0720467642,0.0616145805,1.4326019287,0.1045361608,0.1537311226,0.1817145199,0.4133212566,0.0007589105,-1.7695667744,3.4304056168,0.0011681167,-3.3048679829,38.7523651123,-147.4504852295,0.0423105545,0.0721454695,0.0407843068,1.3339357376,0.1077274084,0.1542682350,0.2530595362,0.3305726051,0.0007955111,-1.7593932152,3.6056013107,0.0012535426,-3.3458728790,39.6206169128,-154.6111907959,0.0629601926,0.0737432241,0.0599294491,0.9842805862,0.1261230856,0.2052995563,0.2794176340,0.3788056374,0.0008577664,-1.5480751991,2.0612554550,0.0009022774,-7.3302001953,108.4968109131,-100.3219528198,0.9892067909,0.9957707524,0.8801696897,0.8518311977,0.8672959805,0.8350107074,0.0345904715,0.0568594187,0.4765948057,1.4762077332,0.0768430904,0.0595145077,0.4844013155,-0.1830232143,0.0003487528,0.9452996850,7.3881368637,0.0004608458,0.6160968542,6.6624107361,-122.1510314941,0.0348181352,0.0573275834,0.5972071290,1.7750306129,0.0775293633,0.0591265224,0.5061134696,-0.1790187359,0.0003505783,0.8920056820,8.1450891495,0.0004627483,0.5786283612,6.2950105667,-122.6694869995,0.0326378047,0.0577889606,0.2580282986,0.9617948532,0.0685497820,0.0522947647,0.4521840513,-0.0425152779,0.0003003103,0.4753499925,8.7368478775,0.0004084485,0.5763338208,5.8315286636,-110.0318374634,0.9839857817,0.9917324781,0.8713159561,0.8520447016,0.8492212296,0.8269736767,0.0517595857,0.0688724965,1.3671200275,4.3806467056,0.1086905673,0.0846546665,0.8003993034,-0.2233905792,0.0005521539,1.4506064653,11.3514585495,0.0006597437,0.6661650538,4.7569031715,-109.9911880493,0.0528491959,0.0705347210,1.4570760727,4.7086691856,0.1083618701,0.0831550583,0.8152266145,-0.1409060955,0.0005658838,1.3426344395,11.0595588684,0.0006681473,0.6139892340,4.5455374718,-105.0397720337,0.0521591678,0.0721455738,1.4404053688,5.0968980789,0.1121616438,0.0905452222,0.9013162255,0.0227816105,0.0004729668,1.2599357367,15.4024200439,0.0005629501,0.9467690587,6.2786922455,-115.0372543335,0.9802309871,0.9897230864,0.8811210990,0.8228317499,0.8615527749,0.7952283621
data/processed/standardized_dataset/repository/goodrahstar-footprint-database-d25efc1/Dactyloscopic/Left/26-2.png,0,train,0.0741795301,0.1277326047,1.5420658588,3.6622571945,0.0516434945,0.1019029096,-0.1735567153,0.3815691471,0.0002141484,-5.0841035843,60.8715820312,0.0001860136,-1.0966820717,7.5452003479,30.3803958893,0.0811835825,0.1459740251,1.8576323986,4.4493336678,0.0709426403,0.1963177323,-0.1532907933,0.6709699631,0.0001912229,-7.6937847137,111.9107971191,0.0001781339,-4.7752165794,63.4177780151,12.6145486832,0.0788777620,0.1365570426,1.8091359138,4.4691691399,0.0562380850,0.1501531452,-0.2187220156,0.6272997856,0.0002004660,-6.6602315903,92.5942611694,0.0001736304,-2.2037107944,21.0068912506,28.7022304535,0.9113201499,0.8014633656,0.9492053390,0.9034737945,0.9789271951,0.9477429986,0.0657840595,0.0681750774,0.0295815896,0.1598260403,0.1803458333,0.2727528811,0.2130576223,0.4860024452,0.0003992123,-1.5487998724,1.7040014267,0.0007353632,-15.1808061600,324.7119140625,-174.1482238770,0.0581338592,0.0665776804,0.1934235692,0.0753941536,0.1803638786,0.2718482912,0.2761541307,0.4431109428,0.0004608198,-1.7059408426,2.4428796768,0.0008455498,-14.0588455200,297.5830078125,-210.2561645508,0.0628047287,0.0678849667,0.1059619337,0.1209690571,0.1796837449,0.2687235773,0.2817242742,0.3760972023,0.0004467221,-1.5756146908,1.7587518692,0.0007930664,-14.3462352753,304.6791381836,-186.0990753174,0.9586521387,0.9585566521,0.9811775088,0.9820173979,0.9872360826,0.9912278652,0.0656364411,0.0752018243,1.3498505354,5.5818099976,0.0798130333,0.0903038532,0.7529911995,0.3459420204,0.0001600914,2.4720304012,28.0459423065,0.0002122246,2.4219024181,27.5618019104,-21.5986614227,0.0658479854,0.0751530752,1.4556761980,5.5535345078,0.0728680789,0.0912213475,0.4790670276,0.0526978970,0.0001662789,2.9170923233,27.5641784668,0.0002294357,1.8601793051,19.4400920868,-10.6610603333,0.0654080957,0.0759037659,1.3844474554,5.5425586700,0.0741946101,0.0772854984,0.6578235030,0.4790773392,0.0001611284,2.9217944145,28.5666198730,0.0002186760,2.1114194393,22.6099395752,-13.4333744049,0.8779972196,0.8076064587,0.9417026639,0.9042760134,0.9684734344,0.9587866068,0.1337128431,0.1312805265,1.5278432369,2.6309404373,0.1455018967,0.1227125898,1.1137822866,1.0909190178,0.0002864020,5.0346188545,52.0938110352,0.0003171680,3.6717395782,31.5606536865,-8.8166952133,0.1235375032,0.1191162691,1.3312537670,2.0952625275,0.1358158141,0.1110906973,1.0337042809,0.8732378483,0.0003339820,3.5938475132,32.2331047058,0.0003706708,2.7480628490,22.3514270782,-9.9389343262,0.1269161105,0.1238668486,1.4162520170,2.3418436050,0.1389253139,0.1166612431,0.9906612039,0.7025532722,0.0003107794,4.1628813744,39.8369216919,0.0003457728,3.0142488480,24.8559169769,-9.4623155594,0.9096834064,0.8434117436,0.9583079219,0.9321429133,0.9776969552,0.9655780792
data/processed/standardized_dataset/Left/1-4.png,0,train,0.0696680248,0.1924564838,0.2591987848,0.6206135750,0.0435017943,0.0728339776,-0.1020082906,0.8032245636,0.0001679942,-7.0676341057,104.3519592285,0.0001328795,-1.7105396986,11.5462551117,37.5584487915,0.0667485148,0.1939607412,0.2727092803,0.6301589012,0.0577718541,0.1374463290,-0.1372592002,0.8746981621,0.0001635072,-7.4454731941,110.8442916870,0.0001416994,-2.5574476719,20.6764907837,13.4484796524,0.0681983158,0.1952357143,0.3155265749,0.7846131325,0.0461991988,0.1055222601,-0.3031103313,1.1747622490,0.0001653605,-7.5568184853,113.8062362671,0.0001347679,-1.7492475510,10.1625461578,32.2575645447,0.9859028459,0.9229915738,0.9896731973,0.9641819596,0.9936525226,0.9761922956,0.0823158398,0.1112182811,0.3305642903,0.4958541393,0.0933208466,0.0972922370,0.1448871493,-0.7826371193,0.0018282455,-2.8174071312,17.6003322601,0.0020061724,-0.8532801867,7.5501337051,-13.3692455292,0.0822215453,0.1113352105,0.2625377476,0.4576339722,0.1040518880,0.1103181839,0.2449602932,-0.7807915211,0.0018444824,-2.8362116814,16.4608364105,0.0020225968,-1.1682137251,10.6869602203,-26.5506362915,0.0831883103,0.1105941385,0.3306002021,0.3935225010,0.1035169736,0.1074134260,0.1848632395,-0.7362592220,0.0018412097,-2.8225739002,16.8498172760,0.0019805082,-1.1533311605,10.0432806015,-24.4369220734,0.9988879561,0.9984306097,0.9988489747,0.9974469543,0.9992176294,0.9979712367,0.0809107199,0.1145865172,1.6448963881,7.6775932312,0.1250581741,0.1083205193,0.6700944304,-0.4214410782,0.0004916788,5.3415336609,119.6413650513,0.0004745047,1.3750853539,15.0649280548,-54.5631713867,0.0820019394,0.1172982603,1.7799092531,7.6310615540,0.1213303208,0.1104874313,0.6110736728,-0.5683441162,0.0004844436,5.8147253990,120.6072769165,0.0004680197,1.2408869267,13.4857177734,-47.9603080750,0.0809877813,0.1155188084,1.6313776970,7.4606990814,0.1199942604,0.1039764658,0.6431797743,-0.3857190609,0.0004841810,5.4950270653,119.7751007080,0.0004670516,1.2788293362,13.8299903870,-48.1634140015,0.9975659251,0.9921695590,0.9980888963,0.9957993627,0.9983536601,0.9945185184,0.0913259089,0.1200877652,1.8229339123,4.4363145828,0.1240021437,0.0892473236,0.6742839217,-0.1923344135,0.0006175669,3.1063547134,25.7486553192,0.0006439905,1.2099262476,6.6457462311,-35.7798080444,0.0920918584,0.1225824952,1.8561041355,4.4905714989,0.1219266355,0.0888568386,0.7164258957,-0.1311976910,0.0006153460,3.1636769772,26.3900051117,0.0006397783,1.1909530163,6.5587816238,-32.3967590332,0.0903809741,0.1205409244,1.8450492620,4.5029807091,0.1221082658,0.0875455961,0.6509369016,-0.2212567329,0.0006119703,3.0522484779,25.2765636444,0.0006402630,1.1573692560,5.9446601868,-35.1039505005,0.9963361621,0.9932717085,0.9967719913,0.9958145618,0.9978235364,0.9947937727
data/processed/standardized_dataset/Left/1-5.png,0,test,0.0942622423,0.0907609612,1.5635639429,4.6322078705,0.0733421296,0.1319633573,0.1046086252,0.9301137924,0.0002067850,-6.1219096184,66.9475936890,0.0001367002,-3.4315047264,34.1496772766,22.1935234070,0.0973976403,0.0929739550,1.5072999001,4.1471667290,0.0848755017,0.1688744575,-0.0407614894,0.3247580528,0.0002135102,-6.1187305450,67.3319625854,0.0001389776,-3.6173727512,29.6770782471,12.8567171097,0.0970370546,0.0986340418,1.2646303177,2.5819616318,0.0757049322,0.1541282386,0.0245484505,0.4760954380,0.0002147169,-5.9751443863,64.9881820679,0.0001357182,-3.0633344650,25.0186767578,21.9834804535,0.9972377419,0.9381939769,0.9903193712,0.9587607980,0.9910848737,0.9774112701,0.0701111406,0.0731772035,0.0465147682,0.8833727837,0.0578977242,0.0825948492,0.0012214115,-0.0655755997,0.0020040460,-1.8141573668,2.8859782219,0.0019808130,-1.0497590303,3.0571041107,17.4200801849,0.0701380819,0.0730158538,0.0682773739,0.9111957550,0.0561159365,0.0768780559,0.2082009315,-0.0262951851,0.0020226236,-1.7977111340,2.7933959961,0.0019797685,-1.0773859024,3.0086183548,19.9921989441,0.0749174058,0.0750914142,-0.0181785133,0.5842754841,0.0577442609,0.0800944790,0.1218622178,-0.2063124180,0.0020185513,-1.7353596687,2.7997579575,0.0019692634,-1.0710058212,3.0446529388,22.9227695465,0.9997298717,0.9990596175,0.9984636903,0.9988693595,0.9982105494,0.9984608889,0.1252447218,0.1310179681,1.2806282043,0.7525544167,0.1161475554,0.1149684414,0.5735802650,0.0328593254,0.0004235908,6.6735496521,93.4621734619,0.0003641277,1.6305116415,16.9315700531,7.2635126114,0.1252335310,0.1318771839,1.3177056313,0.9912261963,0.1058169156,0.0983872265,0.7522649169,0.8687512875,0.0004248913,6.9458990097,98.5606307983,0.0003579003,1.8987454176,19.1453380585,15.5043268204,0.1311996877,0.1370476633,1.2867553234,0.7552933693,0.1114334017,0.1092024818,0.6005734801,0.2486972809,0.0004462067,5.5763888359,89.7077636719,0.0003633868,1.7578535080,18.2450389862,15.0658025742,0.9990462661,0.9890473485,0.9889728427,0.9971156120,0.9896962643,0.9942628145,0.1447851658,0.1574708521,1.3773684502,0.8987398148,0.1532666385,0.1269712746,0.9667710662,0.1386506557,0.0005572009,4.5943002701,43.4227561951,0.0005016020,2.8446865082,23.2207145691,-5.8579707146,0.1453833580,0.1580721289,1.3721551895,0.8899614811,0.1536743343,0.1287224740,1.0739748478,0.3765606880,0.0005561112,4.5939350128,42.6751060486,0.0005038281,2.9991738796,25.6213932037,-5.7028374672,0.1328103989,0.1398072243,1.3851422071,1.0872116089,0.1528930217,0.1270755529,1.0372929573,0.2604308128,0.0005613636,3.5804638863,34.8356666565,0.0005024485,2.8496644497,23.4384365082,-15.1212730408,0.9986782670,0.9914088845,0.9889836907,0.9969582558,0.9886522293,0.9959774017
data/processed/standardized_dataset/Left/10-2.png,0,test,0.0347944237,0.0625708401,1.2827050686,6.9421310425,0.0582977422,0.1251471639,0.0303245243,0.6131749153,0.0001546931,-5.7293972969,83.4057693481,0.0001350990,-1.1462174654,11.8825731277,-67.5490951538,0.0319618955,0.0621308163,0.9721544385,4.7947468758,0.0411722623,0.0895846263,-0.1966824532,0.7766733170,0.0001462469,-3.8530774117,47.1758499146,0.0001324729,-0.5640798807,6.1897592545,-28.8167095184,0.0330496989,0.0622015111,0.9050773382,3.8731155396,0.0480984934,0.0851458907,0.1743218005,0.6746990681,0.0001644162,-4.1090850830,49.1751060486,0.0001479209,-0.8518685699,6.7335319519,-45.5338325500,0.9793387651,0.9689002037,0.9540838599,0.9278734922,0.9630796909,0.9393594861,0.0490451008,0.0877451673,0.4119305611,1.3145980835,0.1190824211,0.1959937364,0.9702093005,0.9546370506,0.0009262194,-2.0164566040,4.1052436829,0.0013059932,-5.3304028511,89.4315872192,-142.8018646240,0.0493914559,0.0875893757,0.3858905137,1.3392243385,0.1132507920,0.1966189891,0.9679781199,1.0465126038,0.0009315850,-2.0057754517,4.1174416542,0.0013064789,-5.2939004898,88.8884048462,-129.2922668457,0.0560244769,0.0878910571,0.4296392798,1.1891651154,0.1123098657,0.1954661012,1.0139712095,1.3312597275,0.0009748230,-1.9099656343,3.4275965691,0.0011979946,-5.8926835060,100.4156188965,-100.4657135010,0.9985834956,0.9987558126,0.9910595417,0.9907977581,0.9916427135,0.9913088679,0.0605306402,0.0959125757,1.4832952023,2.6666913033,0.1690552980,0.1488333493,0.6141062379,-0.9385600090,0.0002839046,1.2310258150,10.2030620575,0.0004877145,2.4520823956,32.3126945496,-179.2888031006,0.0607168078,0.0959197730,1.4727538824,2.6421604156,0.1573534161,0.1470126063,0.7113251090,-0.7389841080,0.0002846559,1.2359635830,10.3963880539,0.0004819457,2.2770717144,29.8340110779,-159.1595611572,0.0591511130,0.0949376598,1.4235504866,2.6039323807,0.1609947085,0.1446523517,0.7399576902,-0.6210556030,0.0002738459,1.0832616091,10.3374300003,0.0004766131,2.5061862469,35.0169067383,-172.1752777100,0.9948288798,0.9981238246,0.9809060097,0.9848749042,0.9826043248,0.9852311015,0.0916738808,0.1407149583,1.8658924103,3.1192369461,0.2617549598,0.2147469521,0.5251379013,-1.2870053053,0.0004399475,2.6267168522,17.1949176788,0.0007530766,7.1837558746,118.3254547119,-185.5283966064,0.0919626355,0.1412328482,1.8421548605,3.0497989655,0.2508308291,0.2138630748,0.6323480010,-1.1506333351,0.0004395721,2.6488442421,17.3906726837,0.0007354250,6.6464958191,104.8701858521,-172.7529754639,0.0899232477,0.1396335363,1.8534716368,3.1604967117,0.2334958762,0.1997728050,0.7013371587,-0.9867103100,0.0004258112,2.5046229362,17.2577724457,0.0006935296,5.8478665352,90.3409805298,-159.6613006592,0.9938439727,0.9972398877,0.9807878137,0.9831544757,0.9814097285,0.9838835597
data/processed/standardized_dataset/repository/goodrahstar-footprint-database-d25efc1/Dactyloscopic/Left/26-3.png,0,train,0.0458250418,0.1186622083,-0.0087502981,4.4024581909,0.0482769944,0.0688865855,-0.2149643749,0.7606663704,0.0002181529,-2.9040555954,30.8636665344,0.0002263009,-0.8102992773,3.4041795731,-5.3506827354,0.0482961796,0.1345520765,0.0571030416,5.2802429199,0.0514986776,0.1001142710,-0.4835296273,1.8091487885,0.0002052649,-4.4760332108,58.0152015686,0.0001967435,-1.2565590143,8.5205612183,-6.6309552193,0.0466609374,0.1244517192,0.0284237396,4.9041299820,0.0488406643,0.0812769011,-0.4506226778,1.5549302101,0.0002104450,-3.4160935879,41.7732315063,0.0002015762,-0.9322977066,4.3856883049,-4.6714167595,0.8687253594,0.7380561233,0.9205665588,0.8813024163,0.9517747760,0.9040862918,0.1115481704,0.1143780127,0.7487629056,1.8946714401,0.1620435864,0.2250140011,0.8109932542,0.3682012558,0.0005169575,-2.6751790047,22.4866008759,0.0006420725,-11.9916114807,232.1699829102,-45.2678108215,0.0922481716,0.1084591746,1.1217505932,2.8038825989,0.1569198668,0.2318381220,0.8014039993,0.2831492424,0.0005145210,-2.8967316151,22.7733592987,0.0007225139,-11.6246919632,225.7497863770,-70.1062088013,0.1030623913,0.1111797020,0.8758620024,2.1337008476,0.1609996408,0.2329048663,0.8289223313,0.2719504833,0.0005217973,-2.6840376854,21.6757717133,0.0006688180,-12.3716373444,245.8212280273,-56.2157058716,0.9158662558,0.8690543175,0.9652327299,0.9371442199,0.9773755670,0.9751528502,0.0913537070,0.1449876726,1.7869054079,5.3901653290,0.1014424041,0.0995607674,0.9152806997,0.6119899750,0.0002345016,6.9718222618,118.1927490234,0.0002631572,1.2357250452,23.6842670441,-11.0435552597,0.0857107043,0.1316581368,1.8295899630,5.4228639603,0.0898756906,0.0904214382,0.8963181376,0.2409975529,0.0002667958,5.2958598137,81.3176651001,0.0002724245,1.5285247564,14.8416938782,-4.8593535423,0.0885617584,0.1389836371,1.7939131260,5.3692035675,0.0963254347,0.0949220657,1.0409514904,0.7240157127,0.0002474521,6.2259039879,101.3107833862,0.0002568647,1.6660706997,19.0021190643,-8.7663984299,0.8876166344,0.6343840361,0.9454871416,0.8206811547,0.9681924582,0.9278070927,0.1198717654,0.1450997591,1.9903309345,3.9757747650,0.1243968755,0.1042933986,1.0846711397,0.8547000885,0.0003151239,5.1753177643,48.6644325256,0.0003521633,1.8426442146,25.2252044678,-3.7749590874,0.1086340100,0.1263466477,1.7381757498,3.2179789543,0.1144432947,0.0964633450,1.1015141010,0.9337739944,0.0003949671,2.9212665558,25.3829803467,0.0003970246,2.2707927227,14.9786300659,-5.3475747108,0.1126232892,0.1338312179,1.8510354757,3.5862464905,0.1203823835,0.1034672633,1.1650685072,0.9420168400,0.0003525046,3.9338567257,34.5705757141,0.0003596905,2.3896021843,20.1203117371,-6.8894224167,0.8507141471,0.6829587221,0.9182681441,0.8497909904,0.9668534398,0.9277787805
data/processed/standardized_dataset/repository/goodrahstar-footprint-database-d25efc1/Dactyloscopic/Left/26-5.png,0,train,0.0776453763,0.1263264120,1.9034234285,5.3099822998,0.0372524597,0.0450898930,-0.0606376901,-0.1739723682,0.0002824497,-5.5720572472,79.4411087036,0.0002305601,-0.5318892002,2.3143339157,52.0223083496,0.0972693413,0.1579471976,2.1943941116,5.5215625763,0.0364528969,0.0606710128,-0.2785419822,1.2872285843,0.0002495959,-10.4845733643,194.9863433838,0.0001499541,-1.1288741827,5.8672809601,62.5237541199,0.0910862237,0.1466166228,2.2668476105,5.7499351501,0.0370084830,0.0534204617,-0.2428907007,0.1306760311,0.0002634735,-8.8245716095,155.4931488037,0.0001695133,-0.9335512519,4.4597415924,59.3698348999,0.8720630407,0.6607088447,0.9171823859,0.8059580326,0.9792640805,0.8984817266,0.0764436200,0.0674905702,-0.1458370090,2.7426304817,0.0776657090,0.1266741306,-0.2196396738,1.9727916718,0.0005816725,-1.2722617388,1.1640391350,0.0005537207,-3.3566122055,38.3415069580,-1.5986801386,0.0606712103,0.0656428412,0.1125408411,0.6395363808,0.0587766096,0.0964175016,-0.1949629039,1.8722152710,0.0006396812,-1.4398806095,1.7484312057,0.0006844429,-2.1499528885,14.5971851349,3.1227343082,0.0662220567,0.0659606904,-0.0124750426,1.8283743858,0.0631382018,0.1124393046,-0.1924064755,1.5216565132,0.0006066006,-1.3482487202,1.2174286842,0.0006137585,-2.4189198017,21.4456920624,4.6568393707,0.8962157965,0.7749390006,0.9495145082,0.8927351832,0.9772398472,0.9565250278,0.0551402867,0.0744008049,0.9412994385,1.5789699554,0.1058581248,0.1067186147,-0.0706414431,-0.2414932251,0.0002310271,0.8777836561,10.7383565903,0.0003188233,0.9748545289,12.2390680313,-91.9796447754,0.0586462803,0.0805365592,1.0574624538,1.5636286736,0.1282913834,0.1217660829,0.2795931101,-0.5521924496,0.0002476596,1.3855651617,12.8721752167,0.0003360631,2.0512573719,26.0693435669,-118.7545089722,0.0554802977,0.0766470060,1.0057517290,1.7005958557,0.1107256263,0.1216619387,-0.0086155413,-0.2065277100,0.0002341737,1.3271455765,12.1885108948,0.0003181300,1.2976093292,16.6604938507,-99.5764846802,0.7858168483,0.7863475680,0.8812683225,0.8792184591,0.9592140317,0.9404516816,0.0894276500,0.1091024801,1.8492859602,4.3492288589,0.1702640206,0.1387728602,0.8054877520,-0.3884267807,0.0003501413,2.8288347721,26.0598411560,0.0004546808,3.8859727383,36.2153625488,-90.3930358887,0.0891957507,0.1067461967,1.6082659960,3.2801380157,0.1716181487,0.1367227584,0.7509077787,-0.5458102226,0.0004164716,2.5490326881,19.6365451813,0.0005274239,3.6290562153,36.2459487915,-92.4061965942,0.0855264664,0.1041049287,1.6704403162,3.7519168854,0.1687616110,0.1355226189,0.7453840971,-0.5470452309,0.0003918202,2.5074851513,20.2718887329,0.0005012557,3.4957208633,31.6530380249,-97.3209228516,0.7996752262,0.7869024277,0.8837074041,0.8794871569,0.9628878832,0.9537177682
data/processed/standardized_dataset/repository/goodrahstar-footprint-database-d25efc1/Dactyloscopic/Left/27-1.png,0,train,0.0691669285,0.1218652204,2.3148322105,7.2185382843,0.0487339422,0.0845899284,-0.1363318861,2.7414617538,0.0001622565,-9.9228525162,176.9983673096,0.0001468581,-3.0585350990,24.3827342987,29.5415554047,0.0674377233,0.1164219752,2.2828207016,7.2601165771,0.0515707098,0.0920053422,-0.2331226319,3.3705654144,0.0001599546,-9.3037319183,161.6796722412,0.0001566900,-3.5803091526,33.2810897827,23.5283946991,0.0676927418,0.1169881672,2.2120945454,6.9436721802,0.0532076955,0.0868202448,-0.0209204201,1.9189195633,0.0001643107,-9.0513134003,155.0220794678,0.0001675079,-3.1058769226,18.7122306824,21.3982257843,0.9903626442,0.9834768176,0.9798217416,0.9465586543,0.9814461470,0.9451525807,0.0404732265,0.0744154602,1.3842474222,2.4810056686,0.0949434862,0.1248771250,1.0868887901,2.0763645172,0.0015459760,-2.0846219063,8.2301988602,0.0027604040,-4.3618836403,24.2353324890,-134.5834350586,0.0408064201,0.0742512047,1.3730291128,2.4130859375,0.0996120572,0.1248403788,1.0485256910,2.0629110336,0.0015455543,-2.0948340893,8.0283365250,0.0028041569,-4.3997359276,24.4358463287,-144.1087799072,0.0436755419,0.0671704710,0.4940769076,0.0956625938,0.0935382023,0.1086392924,0.4303484559,1.3469948769,0.0011474349,-1.3976211548,4.0866899490,0.0019324766,-3.4013478756,16.7181720734,-114.1660919189,0.9981929064,0.9989735484,0.9402720332,0.9715625644,0.9394172430,0.9722945690,0.0734129250,0.0878540576,1.9667618275,6.0684041977,0.0941798463,0.0914026946,0.9398236275,1.1193075180,0.0003435709,2.5249705315,29.8789901733,0.0004214238,3.5337767601,49.4022178650,-28.2878265381,0.0730771720,0.0872346163,1.9712976217,6.1286945343,0.0914060324,0.0916195959,0.9692426324,1.0607700348,0.0003408154,2.6128857136,29.9056091309,0.0004148328,3.3788936138,46.7859725952,-25.0815124512,0.0637778789,0.0772613063,1.8009730577,6.2359876633,0.0830469802,0.0759446472,0.9810080528,1.6954298019,0.0002964864,2.1098895073,23.2045860291,0.0003704972,2.6383888721,33.0937194824,-30.2128295898,0.9943849444,0.9920167923,0.9861201048,0.9843155742,0.9870793223,0.9762545824,0.1137858406,0.1255410761,1.9027349949,3.7925767899,0.1364122778,0.1026913673,0.7441929579,-0.1674630642,0.0006269295,2.9607744217,29.6314163208,0.0006399216,2.7027363777,25.0701541901,-19.8851070404,0.1131489500,0.1252122968,1.9068790674,3.8321313858,0.1372321993,0.1017307788,0.7032932639,-0.2179169655,0.0006188964,3.0009229183,29.8617401123,0.0006363913,2.6686358452,24.5394554138,-21.2845535278,0.0995538980,0.1108422652,1.9392168522,4.5585012436,0.1231013834,0.0944709554,0.8239905834,0.1666560173,0.0005404809,2.4881579876,24.3973388672,0.0005743736,2.2499284744,18.6508083344,-23.6530017853,0.9951656461,0.9952683449,0.9911594391,0.9893234372,0.9919705391,0.9878504872
data/processed/standardized_dataset/Left/10-3.png,0,train,0.0228914022,0.0657724440,0.2360234559,0.0767130852,0.0824450999,0.1213284656,1.7139534950,2.3134212494,0.0000932196,-0.9601067901,5.4356632233,0.0001140492,-4.5786542892,65.9749984741,-260.1575012207,0.0232075062,0.0648808405,0.2533268929,0.0589804649,0.0667371005,0.1077450141,1.4784151316,1.9843559265,0.0000924141,-1.0589720011,5.9459247589,0.0001075137,-3.3404595852,43.9945411682,-187.5668792725,0.0246569663,0.0658013001,0.2090121806,0.1175277233,0.0625676215,0.0993004367,0.9197618365,1.4867000580,0.0001038257,-0.9850836396,5.1920471191,0.0001127727,-2.5927805901,28.9582386017,-153.7523040771,0.9731533527,0.9582635760,0.9520685673,0.9258854985,0.9514550567,0.9508068562,0.0335992277,0.0844810307,0.3697559237,1.0856137276,0.1092839390,0.0745438635,0.0387103930,-0.6802387238,0.0009697762,-2.2151994705,5.3432655334,0.0016017432,-1.5271559954,10.8738660812,-225.2572937012,0.0337453187,0.0845455304,0.3494413495,1.1440958977,0.1177834123,0.0798160732,-0.0687347576,-0.8031046391,0.0009674627,-2.2358994484,5.3970279694,0.0015950573,-1.4660878181,10.7402153015,-249.0363006592,0.0377433598,0.0872162506,0.4033121765,1.1557245255,0.1217706203,0.0865780711,0.1185327545,-0.6096494198,0.0010367667,-2.2404072285,4.9924440384,0.0015121971,-1.7839951515,12.9465074539,-222.6279296875,0.9975525141,0.9970426559,0.9878711104,0.9899526834,0.9908249974,0.9938973784,0.0787717029,0.1276719570,1.6795021296,2.1884679794,0.1254216433,0.1302291602,0.0401896127,-0.7412316799,0.0002957020,1.8714467287,17.4521446228,0.0005451828,-0.3001622558,16.2269954681,-59.2216987610,0.0801211745,0.1304419041,1.6811281443,2.1384315491,0.1279748231,0.1277708709,0.1987398565,-0.9667196274,0.0002927710,1.8837299347,17.8220882416,0.0005303407,0.1261585206,12.3860092163,-59.7265930176,0.0768494233,0.1255515963,1.7067301273,2.3257913589,0.1257923841,0.1283888966,0.3630349636,-0.7262015343,0.0002854203,1.6594445705,16.0646820068,0.0005212213,-0.2214407921,12.9880638123,-63.6868286133,0.9963315129,0.9918823242,0.9885102510,0.9843134284,0.9905387163,0.9925723672,0.1071873382,0.1560416967,1.5999754667,1.5545167923,0.1115599573,0.1337042749,0.5186973214,0.5563616753,0.0005437470,2.6131131649,17.7087192535,0.0007751873,-0.0157150757,31.5516433716,-4.0794177055,0.1086211652,0.1591332555,1.5903024673,1.4750938416,0.1168081462,0.1229772270,0.2544948459,0.4280869961,0.0005387551,2.6407003403,17.8284282684,0.0007344626,0.5157608986,22.6169700623,-7.5371875763,0.1056327671,0.1551497877,1.6098928452,1.5937547684,0.1197495013,0.1289772838,0.7327452302,0.3475639820,0.0005228397,2.5663156509,16.7689743042,0.0007132301,0.0155654028,24.1891098022,-13.3639726639,0.9964236021,0.9909037948,0.9912812710,0.9825769663,0.9922545552,0.9896348119
data/processed/standardized_dataset/Left/10-5.png,0,train,0.0278356187,0.0645492449,0.2866866589,0.3979394436,0.0488724560,0.0676176399,1.1289819479,1.4514627457,0.0001937191,-1.2069839239,8.6129026413,0.0001878602,-0.6955982447,5.4432229996,-75.5752487183,0.0274122544,0.0635974854,0.2869543433,0.3858795166,0.0510087796,0.0717233568,1.4004576206,1.8049125671,0.0001929334,-1.1051396132,7.6964435577,0.0001910462,-1.0254439116,8.6659202576,-86.0802078247,0.0288978983,0.0626726374,0.1608892232,0.1026387215,0.0326633789,0.0440146551,0.3627660871,-0.2900094986,0.0002012638,-1.3797234297,6.8506240845,0.0001966656,-0.2708292902,1.6780381203,-13.0302925110,0.9807646275,0.9729890227,0.9250723720,0.9076649547,0.9311581254,0.8987848759,0.0581273064,0.0849259198,0.5709705353,0.7789988518,0.1950530857,0.1825944185,1.3207757473,0.5516409874,0.0007864848,-1.7254440784,2.5993690491,0.0010998178,-8.6159868240,138.3213653564,-235.5618896484,0.0585213564,0.0844786763,0.5884467363,0.6689319611,0.1924405247,0.1867124885,1.2654516697,0.3717463017,0.0007956314,-1.6988400221,2.4235086441,0.0010704873,-8.4831886292,138.8077545166,-228.8381195068,0.0695393756,0.0850062221,0.4565642476,0.5853788853,0.1917012185,0.2071603835,1.3212839365,0.5040817261,0.0008390883,-1.5125583410,1.6652841568,0.0010216464,-10.1417579651,182.6947784424,-175.6729125977,0.9984936118,0.9969978929,0.9890072942,0.9856476784,0.9896365404,0.9869773388,0.0600854307,0.1051562876,1.7331258059,3.3482513428,0.0691557676,0.0548597984,0.4977013171,-0.3570771217,0.0002263142,1.1499046087,12.8654069901,0.0004189051,0.0330108181,4.2871813774,-15.0957336426,0.0606575161,0.1060744449,1.7328600883,3.2382850647,0.0547063537,0.0695753694,0.5383795500,-0.3150820732,0.0002261674,1.1672198772,12.7974653244,0.0004146247,0.0937433764,4.1591515541,9.8110885620,0.0610686839,0.1086332798,1.8953415155,3.9907083511,0.0555577986,0.0772839934,0.2048405409,-0.3583309650,0.0002039680,1.3963730335,15.5721778870,0.0003899036,0.2033100128,4.5521469116,9.0240774155,0.9878313541,0.9891063571,0.9543744922,0.9655784369,0.9564273357,0.9769235849,0.0960146189,0.1545140892,1.9578367472,3.0644483566,0.1254486889,0.1256119907,0.7324264646,-0.4771540165,0.0003814151,2.5362770557,21.3198966980,0.0005804322,0.1609627306,21.2484645844,-30.6558208466,0.0968641192,0.1547423750,1.9267326593,2.8761520386,0.1011403576,0.1014475003,0.8533229232,-0.3898558617,0.0003846571,2.4685521126,20.5432090759,0.0005470387,0.4609661996,11.5502452850,-4.4146776199,0.1009728014,0.1676473469,2.0961625576,3.4959039688,0.1020024419,0.1101233587,0.6028540730,-0.6514146328,0.0003362553,3.4028730392,30.8944702148,0.0005007762,0.5511872172,14.1315231323,-1.0197205544,0.9886108041,0.9808682799,0.9632060528,0.9573839307,0.9654043913,0.9715241790
data/processed/standardized_dataset/Left/11-1.png,0,train,0.0580947660,0.1062966138,0.6244251132,5.9522914886,0.0546372831,0.0804260597,-0.3147388697,3.2138996124,0.0001967430,-6.0416498184,90.4386215210,0.0001700641,-2.8793394566,25.9983615875,5.9514532089,0.0728935674,0.1141554117,1.9376111031,8.0876684189,0.0548607185,0.0994061530,-0.1575972587,3.8895511627,0.0002197330,-8.9497737885,142.2894134521,0.0001799557,-4.6318178177,59.0175704956,24.7386016846,0.0689012408,0.1120704785,1.1376910210,8.1546516418,0.0564712100,0.0832153112,0.0074394122,1.9617614746,0.0002186862,-7.9829850197,123.9227752686,0.0001873973,-3.2126712799,25.2537403107,18.0403575897,0.9755157232,0.9685083628,0.9795320034,0.9595003724,0.9867464304,0.9533156157,0.0482888296,0.0839623585,0.5130599141,1.8812932968,0.0998984724,0.1141945571,0.8808492422,0.9936769009,0.0018175716,-2.1296279430,7.4549465179,0.0029080489,-3.4517722130,20.6789569855,-106.8769836426,0.0495286286,0.0841053799,0.4610213339,1.7156381607,0.0996158645,0.1122192070,0.9383448958,1.0821266174,0.0018406980,-2.0762259960,6.9164714813,0.0029069877,-3.4245760441,20.0911674500,-101.1278457642,0.0510278717,0.0792204738,-0.0346263498,1.2223234177,0.0953736082,0.0956442952,0.1437316239,-0.1571884155,0.0015063395,-1.7270039320,3.6279168129,0.0021687783,-1.9764782190,10.5269327164,-86.9049301147,0.9989113212,0.9992440939,0.9604284763,0.9537978768,0.9639914036,0.9538490772,0.0453502536,0.0667914599,1.4608566761,4.9545931816,0.0810578242,0.0541587472,0.5134180784,0.6607835293,0.0003395815,2.8654930592,31.0287399292,0.0005484817,1.2473280430,13.2562541962,-78.7373123169,0.0443195179,0.0663117394,1.4864292145,5.3200807571,0.0838980600,0.0565507002,0.5984249115,0.8866903782,0.0003329692,2.8686752319,31.5954132080,0.0005428909,1.2551286221,13.0631179810,-89.3027343750,0.0412816480,0.0616176389,0.9219903350,3.0220346451,0.0721921250,0.0493574999,0.3241033852,0.6576457024,0.0003046683,2.1888387203,22.2771224976,0.0004874970,0.9784699678,9.4728136063,-74.8770446777,0.9943470955,0.9961606860,0.9858118296,0.9909444451,0.9865031838,0.9885120392,0.0705981702,0.0945657417,2.3266723156,8.1078691483,0.1574385911,0.1206939071,0.9356531501,0.0367357731,0.0005823769,3.6317229271,33.4753723145,0.0007288838,2.4723937511,24.6967468262,-123.0066146851,0.0701768324,0.0941142514,2.2937941551,7.9486856461,0.1637733728,0.1283166260,0.9502141476,0.0276017189,0.0005725111,3.6494534016,33.7555503845,0.0007259207,2.7008233070,26.9553680420,-133.3724212646,0.0634833127,0.0835172310,1.8777695894,6.6567354202,0.1397274882,0.1086025685,1.0883004665,0.5961811543,0.0005228036,2.8664972782,25.0361671448,0.0006589003,2.0418331623,18.5914974213,-120.1011276245,0.9956146479,0.9950297475,0.9882010818,0.9908248782,0.9899384975,0.9883891940
data/processed/standardized_dataset/repository/goodrahstar-footprint-database-d25efc1/Dactyloscopic/Left/28-2.png,0,train,0.0828206912,0.1470403373,1.7501856089,8.0065565109,0.0386061296,0.0883832201,-0.2727928162,2.0285978317,0.0002933386,-10.7615785599,182.8455810547,0.0001933279,-1.4371554852,9.3759937286,53.3858871460,0.0884896517,0.1410692334,2.1493396759,7.6099338531,0.0386818200,0.0996232331,-0.1550963521,1.8675627708,0.0002980037,-10.5244197845,177.2623138428,0.0001974318,-1.9836510420,14.5232238770,56.2866172791,0.0857668594,0.1446671039,1.9144150019,7.7715435028,0.0376582742,0.1002477035,-0.2288111001,2.2850408554,0.0002947288,-10.5113945007,176.8832244873,0.0001968482,-1.8890089989,15.1305751801,56.0922775269,0.9943821430,0.9756168127,0.9950476289,0.9834201932,0.9966322780,0.9847207069,0.0714342073,0.0699219033,0.0570357069,0.7667152882,0.1114182547,0.1201705933,0.1084338278,0.6740159988,0.0010805262,-1.4465012550,0.9571304321,0.0009610648,-3.0818169117,26.0957565308,-55.9732513428,0.0738299415,0.0708931684,0.0486590490,0.4430115223,0.1145710796,0.1330759525,0.1132941470,0.7679905891,0.0011037802,-1.4264314175,0.8861012459,0.0009820969,-3.5469369888,33.1190681458,-55.1824073792,0.0736378133,0.0704607368,0.0572262183,0.5544543266,0.1145312116,0.1262704432,0.0936884731,0.7301890850,0.0011009286,-1.4347840548,0.9115223885,0.0009720873,-3.3307485580,29.5726203918,-55.5331497192,0.9990667105,0.9951758981,0.9990248680,0.9973931909,0.9992144108,0.9971363544,0.0460466594,0.0665772334,0.5645381212,1.1865911484,0.0712951794,0.0759279281,1.2664767504,2.6976766586,0.0002785396,0.9937537313,9.5601148605,0.0003428000,1.7017664909,18.4386062622,-54.8324699402,0.0459473580,0.0666932091,0.6004894972,1.3787312508,0.0673808977,0.0806993097,1.1821050644,2.4883337021,0.0002734626,0.9910482168,9.8903970718,0.0003354161,1.7008794546,19.3968544006,-46.6480369568,0.0455942601,0.0662272200,0.5699617863,1.3104100227,0.0705365911,0.0761110261,1.2949415445,2.6801204681,0.0002758757,0.9673561454,9.5484237671,0.0003363307,1.6413762569,17.8071269989,-54.7049789429,0.9965869188,0.9874853492,0.9961640239,0.9961527586,0.9969871640,0.9929391146,0.0750737637,0.1024329439,1.8543140888,4.8011612892,0.1238276064,0.1083206534,0.9939237237,0.3930885792,0.0004309537,2.2067971230,18.5835304260,0.0004841774,1.7902165651,14.3022727966,-64.9412536621,0.0753866285,0.1035402566,1.8910377026,4.9663453102,0.1273243874,0.1133226380,0.8937894702,0.2928240299,0.0004248997,2.2840933800,19.3375396729,0.0004805245,1.9819750786,16.4595260620,-68.8951873779,0.0744977742,0.1018231660,1.8618831635,4.9055905342,0.1258969158,0.1103650481,0.9527853131,0.3129949570,0.0004273956,2.2354142666,18.6519813538,0.0004794642,1.8680583239,14.9947280884,-68.9941940308,0.9963710904,0.9882502556,0.9956541657,0.9948713183,0.9973056316,0.9946734309
data/processed/standardized_dataset/repository/goodrahstar-footprint-database-d25efc1/Dactyloscopic/Left/28-3.png,0,train,0.0704186484,0.1529712677,0.0644048452,8.4428272247,0.0481007323,0.0928726047,0.3399577737,3.3029851913,0.0002275388,-12.7681970596,251.1726684570,0.0001365836,-2.5851273537,22.1526126862,31.6931896210,0.0760796517,0.1431652606,0.9477121234,9.4730920792,0.0586194806,0.1220805719,0.3937929869,4.1782584190,0.0002280600,-13.7690124512,272.0371093750,0.0001490785,-5.6788444519,85.2159652710,22.9498577118,0.0777344629,0.1435231417,0.8590228558,9.8733444214,0.0473083891,0.0937306583,0.2713062763,3.3177056313,0.0002338636,-13.8427696228,277.3571777344,0.0001368781,-2.9573912621,30.6435356140,39.1410369873,0.9888393879,0.9488362074,0.9914788604,0.9743706584,0.9956408143,0.9637079835,0.0392272547,0.0643176362,0.3534273505,0.1226091385,0.0836201012,0.1303324252,0.3781678081,0.2584364414,0.0013193416,-1.8447377682,5.1222324371,0.0016334273,-1.9717775583,22.7442321777,-113.1683731079,0.0402271897,0.0647958815,0.3622821867,0.1654036045,0.0903085917,0.1215042397,0.6230085492,0.3103942871,0.0013443481,-1.8822660446,5.1128215790,0.0016346191,-2.0365798473,23.3754920959,-124.4963989258,0.0408488438,0.0648067817,0.3562207818,0.2072405815,0.0886511281,0.1249900535,0.5645301938,0.3544478416,0.0013365984,-1.8963700533,5.0978221893,0.0016203857,-2.1352450848,24.1565532684,-117.0223693848,0.9985261559,0.9955483675,0.9966470599,0.9952816963,0.9973031878,0.9965822101,0.0488801077,0.0704941750,1.0463124514,2.8488140106,0.0943949521,0.1426490694,0.7811370492,0.1550896168,0.0003728079,1.3585342169,15.5466766357,0.0004506640,1.8352205753,18.7913513184,-93.1152725220,0.0488113761,0.0704315156,1.0072925091,2.8078427315,0.0990395695,0.1295380890,0.7453165054,-0.0339565277,0.0003710695,1.3285937309,15.5771636963,0.0004467908,1.8716509342,18.6292018890,-102.9026412964,0.0483864285,0.0698942989,0.9369875789,2.5253295898,0.0924119800,0.1274330616,0.7859007120,0.1295299530,0.0003694626,1.2694628239,15.2302551270,0.0004431470,1.6224874258,16.1902980804,-90.9873962402,0.9941650033,0.9890172482,0.9940901995,0.9938464165,0.9967297316,0.9947234392,0.0670617819,0.0920590982,2.0960366726,6.3420639038,0.1669481695,0.1590425074,0.6115593314,-0.3938546181,0.0005804118,2.2519526482,19.0271816254,0.0005894417,2.6889593601,22.7856788635,-148.9468078613,0.0673019662,0.0924390927,2.0810735226,6.3256616592,0.1755347699,0.1668451875,0.6263802648,-0.4699618816,0.0005771811,2.2238833904,19.1163539886,0.0005931220,3.0841529369,28.0805530548,-160.8166961670,0.0661373138,0.0909238458,1.9898979664,6.0704879761,0.1697244495,0.1619410664,0.6821323633,-0.3638844490,0.0005732233,2.1679449081,18.6606636047,0.0005858861,2.7613911629,23.8125400543,-156.6243438721,0.9932495356,0.9911847711,0.9934756160,0.9933511615,0.9967891574,0.9941081405
data/processed/standardized_dataset/repository/goodrahstar-footprint-database-d25efc1/Dactyloscopic/Left/28-4.png,0,train,0.0429660082,0.1719284356,-0.0919043049,4.2199678421,0.0471485816,0.0935414732,-0.1108488515,0.8859462738,0.0001919071,-7.3084239960,111.9435348511,0.0001668537,-1.1077049971,7.8835325241,-9.7346105576,0.0400912836,0.1741193980,-0.3497623801,4.5472707748,0.0541947521,0.1383701563,-0.2517302036,0.8253850937,0.0001889556,-7.7050890923,122.2964248657,0.0001760396,-1.9138513803,14.1290111542,-35.1783905029,0.0407061540,0.1736388505,-0.2995636761,4.3762445450,0.0493739136,0.1299610436,-0.1495488435,0.9429183006,0.0001921496,-7.4019961357,114.2674560547,0.0001740724,-1.6007992029,10.7434644699,-21.2934875488,0.9837538600,0.9467195868,0.9867291451,0.9638978243,0.9936511517,0.9766031504,0.0894349068,0.0958140343,0.9047942162,1.4306268692,0.0961102396,0.1164287031,0.0008731884,0.2805142403,0.0012856040,-2.5632514954,11.9957389832,0.0010966838,-2.4159622192,16.5926322937,-7.4639010429,0.0905762836,0.0934305713,0.8285632133,1.2226152420,0.0975199044,0.1278128177,0.0095986333,0.4375762939,0.0013050279,-2.5140135288,10.9120788574,0.0011118153,-2.7413454056,20.8613986969,-7.6660470963,0.0912725180,0.0946955085,0.8534008265,1.2607469559,0.0981745347,0.1226109937,-0.0171467122,0.4803605080,0.0013014290,-2.4892864227,11.0932722092,0.0011005284,-2.5704023838,18.7510967255,-7.5619878769,0.9985153675,0.9965092540,0.9982722402,0.9968264699,0.9986598492,0.9962777495,0.0689847693,0.1055731848,1.8079793453,4.3535051346,0.0714707375,0.0610077940,0.4980881810,0.5012357235,0.0003433724,2.5244822502,36.8565368652,0.0003787780,0.7099049091,7.1644954681,-3.6036479473,0.0685683861,0.1045501903,1.7974060774,4.3741970062,0.0683994442,0.0648072734,0.6347260475,0.5951066017,0.0003388584,2.6411561966,36.9476394653,0.0003755044,0.5953732133,6.4863824844,0.2463845611,0.0684610158,0.1054196358,1.8044933081,4.3791007996,0.0680326223,0.0585500784,0.4293610454,0.5978741646,0.0003378258,2.5864603519,37.7811546326,0.0003775166,0.6342830658,6.7301883698,0.6257480383,0.9935984015,0.9902362227,0.9946355820,0.9948897958,0.9971083999,0.9934109449,0.0767915994,0.1006618068,1.5351334810,3.5468831062,0.1148325875,0.1016801819,0.9549334645,0.2124657631,0.0005124343,2.0333597660,14.0205001831,0.0005343612,1.4116275311,8.7904052734,-49.5379562378,0.0768560246,0.1012162790,1.4912927151,3.3406887054,0.1178863123,0.1062363461,0.9494283199,0.1435265541,0.0005087372,2.0365145206,14.0848617554,0.0005345143,1.5820928812,10.4443120956,-53.3859100342,0.0760307908,0.1003028825,1.4851484299,3.3167386055,0.1144952998,0.1028078720,0.9798657894,0.2672486305,0.0005036811,2.0497622490,14.1267757416,0.0005316196,1.4765640497,9.3096466064,-50.5906982422,0.9918473959,0.9886133671,0.9942231178,0.9919475317,0.9958369136,0.9940409660
data/processed/standardized_dataset/Left/12-2.png,0,train,0.0677331015,0.1439186335,1.0641391277,8.0292835236,0.0440233983,0.1164872199,-0.0764369965,0.9980921745,0.0002454493,-8.1177263260,124.6460647583,0.0001703719,-2.0538387299,15.0929756165,35.0046043396,0.0743881986,0.1423992664,1.4838546515,9.0209131241,0.0463863499,0.1321278214,-0.1188633367,1.3757362366,0.0002533529,-9.3032073975,147.4949340820,0.0001777051,-2.8845920563,27.7009124756,37.6428642273,0.0734942779,0.1446966380,1.2137066126,8.5685739517,0.0435467213,0.1298396587,-0.0134607656,1.1307611465,0.0002595530,-9.2663526535,147.6496582031,0.0001744960,-2.5359644890,22.5790309906,40.7481460571,0.9870449305,0.9693159461,0.9906113744,0.9773985744,0.9956851006,0.9857453108,0.0574853271,0.0848532170,-0.0911245272,2.1818780899,0.1008279547,0.1113921404,0.0890426040,-0.4721751213,0.0012784358,-1.9025033712,4.2472233772,0.0019603514,-1.4974304438,23.2996940613,-75.3977203369,0.0587586388,0.0853945315,-0.1035859659,2.0975632668,0.1072083861,0.1230547205,0.0365270674,-0.5320320129,0.0012945011,-1.8764839172,4.0176897049,0.0019746341,-1.7898890972,25.6307067871,-82.4555282593,0.0590084828,0.0853499547,-0.1148642004,2.2239470482,0.1067928746,0.1190003082,0.0723788515,-0.5514249802,0.0012899406,-1.8698976040,3.9916229248,0.0019568168,-1.7674055099,26.1453170776,-80.9788513184,0.9986909628,0.9984955788,0.9982918501,0.9978752732,0.9988725781,0.9984022379,0.0483359471,0.0691150352,1.2817422152,4.2982921600,0.0967236012,0.0832567587,-0.0544815883,-0.7380540371,0.0003028800,0.9484163523,10.9851522446,0.0004672320,0.5590457320,8.6685781479,-100.1069717407,0.0476285741,0.0687621012,1.3017400503,4.4311337471,0.0890655145,0.0806207806,0.1082277969,-0.4031708241,0.0002990123,0.9759612083,11.2352304459,0.0004598193,0.4349259138,8.3650884628,-87.0001678467,0.0475408919,0.0682786778,1.2367947102,4.2014193535,0.0914890394,0.0783629715,-0.0571862273,-0.6086955070,0.0003008868,0.8875874877,10.8354234695,0.0004622573,0.5072976351,8.4630184174,-92.4428329468,0.9922754765,0.9934692979,0.9932718873,0.9954067469,0.9966251850,0.9956417680,0.0751929134,0.1017640382,2.3327605724,7.0800809860,0.1313452870,0.1102046221,0.7795442343,-0.3153150082,0.0004658178,2.4636516571,20.0524578094,0.0005822273,1.2539893389,8.9840393066,-74.6777496338,0.0746872574,0.1021535173,2.3250038624,7.0357837677,0.1323254704,0.1129050404,0.8173387647,-0.2373466492,0.0004604877,2.4900405407,20.6181583405,0.0005761544,1.3144686222,10.4212789536,-77.1727523804,0.0742440745,0.1010717899,2.3258945942,7.1772174835,0.1331568509,0.1121460497,0.7979660630,-0.2967021465,0.0004614552,2.4233686924,19.9764690399,0.0005775507,1.2909320593,9.8814067841,-79.3501358032,0.9913514853,0.9936586618,0.9913802147,0.9920833111,0.9961732626,0.9944643378
data/processed/standardized_dataset/Left/12-3.png,0,train,0.0405600034,0.0654857010,0.1570139229,0.5111160278,0.0329689682,0.0386892743,0.3502877355,0.4327549934,0.0001702028,-0.9005269408,3.9525651932,0.0001673909,-0.5281143785,2.4021878242,18.7155685425,0.0427094176,0.0697686449,0.2625126541,0.4738581181,0.0301752277,0.0401800349,0.5100957751,0.2947490215,0.0001720095,-1.2485427856,6.6356449127,0.0001666799,-0.3907496333,1.7802076340,29.3476028442,0.0359163694,0.0637845397,-0.0652102828,0.2751946449,0.0303345341,0.0408851840,0.3947349191,0.3104782104,0.0001704237,-0.9434283972,4.0377020836,0.0001693296,-0.3483294845,1.9751267433,15.5412015915,0.9585432410,0.9607511759,0.9524099827,0.9579440951,0.9424663186,0.9759641886,0.0809974819,0.0956612527,0.0168499425,1.2206597328,0.1629460901,0.0946381316,-0.0630641654,-0.8316595554,0.0009300460,-0.4191878438,12.0209274292,0.0014248424,-4.9807257652,43.8912773132,-101.1742630005,0.0809701756,0.0949222073,0.0021855549,1.2369775772,0.1620226204,0.0926098078,-0.0796956494,-0.7935528755,0.0009411409,-0.6106277108,8.8864946365,0.0014246430,-4.9592490196,43.2776679993,-100.1016006470,0.0893269479,0.1044150218,0.3698360622,1.5389075279,0.1611801982,0.0927128717,-0.1381736249,-0.6547527313,0.0009813105,0.7704989314,24.4205799103,0.0014249166,-4.9842228889,42.8507041931,-80.4384918213,0.9967943430,0.9988262653,0.9929509759,0.9979781508,0.9902294278,0.9984099865,0.1081762165,0.1229286790,1.4223270416,1.9823360443,0.2420275956,0.1702121496,0.4126446545,-1.2115775347,0.0003547690,5.0197257996,91.1914978027,0.0007273644,3.5174064636,130.0733032227,-123.7345733643,0.1104125530,0.1284534037,1.4407067299,2.0082821846,0.2391750813,0.1680242717,0.3905729949,-1.2665354013,0.0003517328,4.2835001945,89.4874649048,0.0007169889,3.7740359306,133.3368682861,-116.6194610596,0.1083927080,0.1291811764,1.4165261984,1.8978009224,0.2418202311,0.1701202691,0.4163572788,-1.2325955629,0.0003527102,6.1369929314,97.2593307495,0.0007274424,3.5369560719,134.5362091064,-123.0964050293,0.9918751717,0.9966391921,0.9850277901,0.9976345897,0.9761129618,0.9981765151,0.1338531375,0.1513936371,1.3863961697,0.8804550171,0.2338734865,0.1666968167,0.4728883207,-1.0616536140,0.0004952455,4.7644271851,41.5637207031,0.0010085383,6.1492362022,124.8912887573,-74.7239456177,0.1371378005,0.1550105959,1.3779690266,0.8541679382,0.2303139865,0.1637728959,0.4377160966,-1.0959589481,0.0004907083,5.0241160393,44.1604843140,0.0009786532,5.7284779549,113.2808837891,-67.9434738159,0.1332862079,0.1448487639,1.3292773962,0.8022992611,0.2305149287,0.1648289710,0.4927239716,-1.0215005875,0.0005029431,4.9834117889,45.9531402588,0.0009831290,6.2148852348,120.6421890259,-72.9473266602,0.9902113676,0.9956406951,0.9847549796,0.9964668155,0.9823576808,0.9970511198
data/processed/standardized_dataset/Left/12-4.png,0,train,0.0659341440,0.1226502284,0.9586396813,7.2644138336,0.0408843458,0.0701398179,-0.2164494991,1.1036968231,0.0002214823,-8.1677713394,114.3410797119,0.0001362650,-0.9378207326,9.2637329102,37.9921493530,0.0709908530,0.1235926822,1.5230307579,8.4053277969,0.0399645194,0.0897206664,-0.3469449282,0.8625617027,0.0002231691,-8.8585119247,125.3275756836,0.0001363496,-0.6785967946,2.9616518021,43.7046928406,0.0699033365,0.1237075031,1.2628743649,8.8151435852,0.0396707207,0.0798495039,-0.2920311093,0.8944487572,0.0002251310,-8.8083677292,125.8986511230,0.0001375355,-0.6341633797,3.7145271301,43.2491760254,0.9885860085,0.9289708138,0.9898735881,0.9703901410,0.9934400320,0.9650058746,0.0487212390,0.0936320350,0.2907966077,2.1337265968,0.0629119053,0.0999444500,-0.0945720077,-0.0381968021,0.0011799821,-1.7404707670,4.4191808701,0.0015483601,0.4215148389,9.4081554413,-29.1262435913,0.0501719788,0.0941815451,0.3183623552,2.0780258179,0.0605274700,0.0906089321,0.0947991535,-0.2798182964,0.0012009733,-1.7585722208,4.2790584564,0.0015365331,0.1745598167,8.9236011505,-20.6399898529,0.0506161712,0.0949011073,0.3231264651,2.1247434616,0.0646217838,0.1006324664,-0.1006659195,-0.0628836155,0.0012049113,-1.7993434668,4.4116940498,0.0015297838,0.1852234453,9.2573747635,-27.6702327728,0.9982056022,0.9952412248,0.9970746040,0.9966500998,0.9977200627,0.9936078787,0.0490006730,0.0769584551,1.5394320488,4.9003796577,0.0714568198,0.1011193097,0.5732159615,0.6424651146,0.0003064316,1.9032788277,17.6476230621,0.0005347421,0.0290258192,8.9897136688,-45.8282432556,0.0490640774,0.0777568519,1.6140067577,5.2235393524,0.0667601898,0.0838900432,0.5295166969,0.6477110386,0.0003034371,1.9522355795,17.9816799164,0.0005242463,0.4308675826,6.4052429199,-36.0673484802,0.0482140258,0.0763848498,1.5400552750,5.0201673508,0.0697230101,0.1029430926,0.5224241018,0.6561541557,0.0003020357,1.8123147488,17.3852634430,0.0005336056,-0.1040579453,8.8645477295,-44.6114654541,0.9927727580,0.9900406599,0.9915446639,0.9960039854,0.9944642186,0.9909092784,0.0760014281,0.1050123125,2.0741899014,5.7523059845,0.0973829627,0.0797593221,0.8768029809,0.5196113586,0.0005249696,2.5213444233,21.4236698151,0.0006337470,0.8221492171,6.2887802124,-28.1330699921,0.0759090930,0.1042694598,2.0558235645,5.6464538574,0.1009940132,0.0851130858,0.8441985846,0.5852615833,0.0005224632,2.5206451416,21.4835815430,0.0006379910,0.9433769584,7.3439693451,-33.0460014343,0.0745954663,0.1033771932,2.1071572304,5.9973125458,0.0972923264,0.0808246285,0.7569096088,0.4727585316,0.0005161699,2.4944839478,21.1519565582,0.0006323637,0.8401789665,6.2400712967,-30.4265937805,0.9936802387,0.9854027033,0.9930344820,0.9919695258,0.9949710965,0.9892696738
data/processed/standardized_dataset/repository/goodrahstar-footprint-database-d25efc1/Dactyloscopic/Left/3-3.png,0,train,0.0653696358,0.1082449108,2.4725949764,9.9582490921,0.0565996617,0.1018976569,0.3414140940,4.2684235573,0.0001784337,-10.5011959076,185.1281127930,0.0001560100,-4.5462918282,60.9809532166,13.4159755707,0.0658424199,0.1053129360,2.4628713131,10.2714672089,0.0563806966,0.0988197625,0.2361384779,5.6039934158,0.0001765416,-10.5584049225,185.8740081787,0.0001537059,-5.2574729919,73.2505416870,14.3702545166,0.0572660193,0.0889109075,2.7576591969,12.5438337326,0.0510070808,0.0848087668,0.2100277841,4.7541856766,0.0002032957,-7.1224207878,110.0061264038,0.0001901369,-2.7249338627,33.9331207275,10.9295854568,0.9915512800,0.9742768407,0.9087450504,0.8416720629,0.8946243525,0.8136568666,0.0255273208,0.0607145466,0.5714345574,2.0382924080,0.0658506081,0.0744659677,0.3798095882,-0.2472274303,0.0012550344,-0.6159406900,2.8947992325,0.0026184679,-0.2635683417,7.6608600616,-157.9613037109,0.0251865089,0.0606138147,0.5757597089,2.0810203552,0.0641106442,0.0716155991,0.3758734167,-0.2749314308,0.0013638166,-0.4437194765,2.7863626480,0.0028679420,-0.0885067955,7.1532459259,-154.5435943604,0.0410410613,0.0710048750,0.1022056192,1.1805033684,0.0813021511,0.0910902619,0.4138925970,0.5937247276,0.0011636672,-1.4533892870,1.5819954872,0.0018164602,-1.4992194176,12.8985557556,-98.0995330811,0.9858996272,0.9902122617,0.6582406759,0.8124961257,0.6019818187,0.7534701228,0.0513238981,0.0831427053,1.8256494999,6.0001430511,0.0941516459,0.0863786936,0.8457013965,0.1854577065,0.0004277430,1.9626320601,17.9006023407,0.0005882687,1.2386666536,11.7663221359,-83.4460144043,0.0556429401,0.0887594968,1.9568891525,6.2160053253,0.0974416062,0.0867701247,0.7851968408,-0.0521762371,0.0004602855,2.2486476898,21.5285778046,0.0006157570,1.3457771540,11.7422027588,-75.1194458008,0.0398942865,0.0657814443,0.8120214343,2.6563663483,0.0765353143,0.0694904104,0.7229573727,0.2499341965,0.0003699205,0.7705117464,6.9381656647,0.0005336607,0.6424595714,6.7811660767,-91.8452987671,0.9910027385,0.9912905097,0.7606881261,0.8274397254,0.7178167105,0.7858310342,0.0732723251,0.1068705097,2.5218849182,8.1521215439,0.1137009189,0.1054741517,1.1803686619,0.7376921177,0.0006234584,3.4023733139,26.5301742554,0.0007444241,1.8956828117,13.7848796844,-55.1758041382,0.0789160728,0.1143576130,2.5411612988,7.7843170166,0.1223147884,0.1133012772,1.1420398951,0.5844082832,0.0006642106,3.7741334438,31.0595932007,0.0007788372,2.2775154114,17.9575119019,-54.9935073853,0.0568542667,0.0785722882,1.9091252089,6.8205471039,0.0926980227,0.0823814720,1.1359101534,1.0759096146,0.0005697809,1.6109318733,11.2064695358,0.0007024577,1.1191383600,6.1027736664,-63.0449714661,0.9891563654,0.9898517728,0.7939525843,0.8093906045,0.7659983039,0.7683364153
data/processed/standardized_dataset/repository/goodrahstar-footprint-database-d25efc1/Dactyloscopic/Left/3-4.png,0,train,0.0491718203,0.0913178176,1.9802480936,9.5801038742,0.0379889794,0.0687657744,-0.5852033496,1.1306905746,0.0001688713,-6.2698626518,90.6884765625,0.0001521798,-1.0793180466,3.1531553268,22.7423782349,0.0504950434,0.0864479914,2.0186817646,9.2081556320,0.0429010130,0.1046385691,-0.5640252829,1.5635318756,0.0001671257,-6.1539163589,87.8660888672,0.0001566967,-1.6867781878,8.1257286072,15.0391597748,0.0482178107,0.0808357224,1.8023627996,7.5249700546,0.0354906023,0.0690350384,-0.5647556782,0.8955421448,0.0001932927,-4.3992285728,54.2367668152,0.0001781182,-0.8032173514,2.1953940392,26.3952426910,0.9876182675,0.9624218941,0.9241628051,0.8624603748,0.9150213599,0.8472673893,0.0224191435,0.0584865995,0.4098242521,0.6213750839,0.0734485909,0.0929830670,0.4267311990,-0.2857480049,0.0010975768,-0.5614587069,5.0513114929,0.0025626926,-1.1505464315,10.1063365936,-227.6155090332,0.0209519267,0.0617653690,0.3097070158,0.5194263458,0.0737728477,0.0900008008,0.4815678596,-0.3666131496,0.0012108854,-0.2554623187,4.5095019341,0.0028072908,-0.9111897349,8.7719974518,-252.1053161621,0.0409973934,0.0751572326,0.0464738533,2.1358299255,0.0942721367,0.1154501960,0.5424613357,0.2793965340,0.0009640733,-1.3575537205,1.4106645584,0.0018061167,-3.2243728638,30.3581848145,-129.9466552734,0.9838657379,0.9922719002,0.4891066253,0.8123354912,0.4138771296,0.7631179690,0.0591893382,0.0859224647,1.8582110405,5.2581901550,0.0983329341,0.0975463763,1.3169325590,3.8934888840,0.0003719104,2.2919299603,21.4161186218,0.0006421629,-4.2805299759,112.0281524658,-66.1328506470,0.0648473352,0.0938011855,2.0357162952,5.6472682953,0.1043918505,0.1023829207,1.2535628080,3.2960329056,0.0003945253,2.7738702297,26.5311450958,0.0006845306,-4.3639197350,119.6947402954,-60.9809417725,0.0438768677,0.0669484437,1.2205922604,3.7123289108,0.0785490349,0.0773059800,1.5336180925,5.2701959610,0.0003168181,1.2432720661,12.3117036819,0.0005353790,-2.6591141224,61.3694610596,-79.0215148926,0.9897106886,0.9944024086,0.8248271346,0.8991987705,0.8004955649,0.8805947900,0.0892361403,0.1182575375,2.1885449886,5.3320131302,0.1208189055,0.0968570933,0.9974746704,0.5880846977,0.0005683574,3.2292287350,26.2225265503,0.0007568272,4.5149669647,54.5861892700,-35.3923492432,0.0971430764,0.1278498322,2.2263758183,5.2081518173,0.1263151169,0.1003402546,0.9543896317,0.3116679192,0.0006026336,3.6893386841,31.1305389404,0.0007830699,4.4826335907,52.1323852539,-30.0299739838,0.0684270263,0.0921558738,1.9860717058,5.6206235886,0.0998927802,0.0756382570,1.0370060205,1.3653302193,0.0005040728,2.1882569790,14.6846542358,0.0007180346,3.6741650105,44.9860610962,-45.9843940735,0.9876727462,0.9913699627,0.8377970457,0.8671793938,0.8241662383,0.8473379016
data/processed/standardized_dataset/repository/goodrahstar-footprint-database-d25efc1/Dactyloscopic/Left/3-5.png,0,train,0.0741370022,0.1335936040,0.8438754082,11.4457120895,0.0470652655,0.0802962482,0.1614064723,1.7249541283,0.0002363290,-12.1784181595,230.4909667969,0.0001670418,-1.7579039335,10.2561292648,36.5158233643,0.0808597580,0.1306616217,2.0421216488,10.3562974930,0.0445621759,0.0821282044,0.0256424993,3.0067882538,0.0002338598,-12.4302520752,237.9406585693,0.0001619895,-1.7626348734,10.4480648041,44.8895492554,0.0685810223,0.1187250465,1.6995257139,11.1504230499,0.0429642648,0.0709622800,0.0225532018,2.1793532372,0.0002507381,-9.6730003357,167.3696594238,0.0001926614,-1.0610182285,4.5577287674,37.3525466919,0.9935665131,0.9611135721,0.9485235214,0.9009287953,0.9439119101,0.8812304735,0.0296913367,0.0634437501,1.5145541430,4.3382973671,0.1077711880,0.1214522198,1.2780097723,0.6608579159,0.0016675220,-0.8812797666,9.1723937988,0.0024009242,-2.1696372032,29.9168395996,-262.9718322754,0.0285085980,0.0624491423,1.6171568632,4.7276706696,0.1020284146,0.1100321114,1.1057420969,0.4146618843,0.0017818647,-0.7276273966,9.1666069031,0.0025904302,-1.5373471975,21.3328609467,-257.8864746094,0.0456823409,0.0627208427,0.0944380239,1.1518945694,0.1356375515,0.1511021256,1.3364255428,0.8194859028,0.0013586668,-1.3891805410,2.5592012405,0.0018363893,-4.9197058678,70.1624298096,-196.9146270752,0.9854235053,0.9862921238,0.7700154781,0.8329128027,0.7110298276,0.7706029415,0.0509677641,0.0777946040,1.5570844412,4.6222333908,0.1626960486,0.1829765886,1.3331522942,1.2432823181,0.0004406524,1.4118221998,18.0850467682,0.0008063054,-4.0533576012,120.3494796753,-219.2136230469,0.0556338206,0.0846006647,1.7918114662,5.2127265930,0.1773097962,0.1973989308,1.3621209860,1.1236572266,0.0004711142,1.8526960611,22.2226524353,0.0009066049,-5.2698745728,155.2698364258,-218.7086486816,0.0404651165,0.0653979108,0.7575649023,1.8698520660,0.1301144660,0.1465531290,1.4572128057,1.7835726738,0.0004049779,0.0572885759,10.6739645004,0.0006064718,-1.9025849104,65.9450988770,-221.5472412109,0.9893571138,0.9936795831,0.8692365885,0.9367766976,0.8459439874,0.9179544449,0.0740028098,0.0999006033,2.3754079342,7.1053237915,0.1118810177,0.1095616296,1.5704035759,4.5938320160,0.0006559435,2.5049185753,22.3720855713,0.0008746939,4.0451388359,42.1792716980,-51.1848220825,0.0804497749,0.1096877605,2.5068008900,7.2442531586,0.1169413328,0.1091759428,1.3968337774,3.5101237297,0.0006979961,2.9718585014,27.2080478668,0.0009043956,3.7109363079,34.9959640503,-45.3594284058,0.0590972975,0.0776756629,1.7722115517,5.6231231689,0.1008879468,0.1009985358,1.6854835749,5.3352441788,0.0005951356,1.0996316671,11.3971414566,0.0007868251,3.8564865589,42.6113815308,-70.7149887085,0.9892731905,0.9903190136,0.8764659762,0.9099887013,0.8523711562,0.8861396313
data/processed/standardized_dataset/Left/14-2.png,0,train,0.1002521589,0.1762471795,1.9443035126,6.7154407501,0.0560621023,0.1086549461,0.0965269804,0.7295908928,0.0002444575,-16.1411857605,356.9452819824,0.0001645183,-2.2034802437,21.7635269165,44.0789070129,0.1071259752,0.1734935194,2.2900574207,6.4864978790,0.0567887276,0.1312739551,-0.1394129544,0.8930408955,0.0002501205,-16.4800853729,368.7475280762,0.0001740283,-3.1327545643,27.0954971313,46.9888343811,0.1052199155,0.1724088788,2.1907446384,6.6252784729,0.0534257628,0.1188482344,-0.1072995812,1.0509347916,0.0002493442,-16.4126472473,366.2653198242,0.0001655762,-2.3055219650,18.5632762909,49.2246665955,0.9966661930,0.9677279592,0.9970366359,0.9879059196,0.9975191355,0.9828211069,0.0577288792,0.0639753118,-0.0339595862,0.7106983662,0.0861868858,0.0839658231,-0.5508514643,0.9685597420,0.0011311799,-1.4615981579,1.3812751770,0.0011367138,-1.9315861464,7.7055730820,-49.2959632874,0.0585030839,0.0645353794,0.0129237277,0.5445675850,0.0880649462,0.0908185616,-0.5357440710,0.8170676231,0.0011560589,-1.4478696585,1.2867140770,0.0011534658,-2.0562045574,8.6441068649,-50.5304336548,0.0585524887,0.0645547062,-0.0344507806,0.6935553551,0.0870373324,0.0861763880,-0.5577294827,1.0493655205,0.0011476717,-1.4488036633,1.2596259117,0.0011407505,-1.9470505714,7.7441921234,-48.6483917236,0.9991882443,0.9978118539,0.9989257455,0.9985485077,0.9993913174,0.9980816841,0.0512689874,0.0752609223,1.3570386171,3.7893447876,0.0972892195,0.1059103161,0.8513864875,0.8401093483,0.0002637744,1.3006772995,13.8954162598,0.0003624385,1.5164546967,17.8812389374,-89.7623214722,0.0504421294,0.0744204074,1.3828116655,3.9865255356,0.0977588594,0.1037324965,0.6996712685,0.6192502975,0.0002618631,1.3060281277,14.0726013184,0.0003645825,1.4960650206,17.9523143768,-93.8039932251,0.0505565554,0.0745305493,1.3671350479,3.9021887779,0.0974365473,0.1062554568,0.9392788410,0.8665010929,0.0002624805,1.2491816282,13.8741798401,0.0003638859,1.4759874344,17.6958026886,-92.7278213501,0.9969890118,0.9921471477,0.9968841672,0.9979327321,0.9983879328,0.9938398004,0.0828398317,0.1057138070,1.8912369013,4.6964411736,0.1553661227,0.1492192596,0.8534957767,0.1240913868,0.0004374178,2.7699370384,20.3126888275,0.0005502353,3.0811409950,34.4937782288,-87.5500259399,0.0815587640,0.1046597660,1.9598683119,4.9901757240,0.1580823213,0.1479102373,0.7706232071,-0.0925641060,0.0004315531,2.8007462025,20.9970302582,0.0005552263,3.0320436954,32.4133605957,-93.8262863159,0.0816291198,0.1047777236,1.9534585476,4.9767975807,0.1521271914,0.1423102170,0.8470553756,0.1320757866,0.0004311791,2.7883479595,20.8450374603,0.0005481230,2.7972526550,29.4168624878,-86.3638763428,0.9968218207,0.9946484566,0.9966292381,0.9975392818,0.9985451102,0.9969759583
data/processed/standardized_dataset/Left/14-4.png,0,train,0.0281787813,0.0712327510,-0.3668116331,-0.2475626469,0.0513667352,0.0817568749,0.5048478246,3.2793188095,0.0001151828,-1.0135953426,2.7521686554,0.0001484962,-2.1493821144,15.9171199799,-82.2887039185,0.0311051160,0.0714747012,-0.1849188358,0.1215288639,0.0635463148,0.1065695658,0.2608204484,4.4000048637,0.0001193576,-1.1578299999,3.4976215363,0.0001571049,-3.4260120392,37.9752960205,-104.2953796387,0.0283188112,0.0675688162,-0.3074625731,-0.3195552826,0.0547981113,0.0885314867,0.3616268933,3.6280579567,0.0001157610,-1.0281407833,2.7891187668,0.0001490965,-2.2931306362,17.8897762299,-93.5042800903,0.9801365137,0.9651107192,0.9837874770,0.9821365476,0.9775648117,0.9788496494,0.1123351753,0.1210684106,1.2815147638,1.6171860695,0.0779201612,0.0981590375,-0.0556148030,0.9061520100,0.0015713823,-3.5853085518,28.9628849030,0.0013491813,-2.4003679752,14.1378860474,30.6360092163,0.1119424105,0.1186345667,1.2366471291,1.5165820122,0.0748402774,0.0897336379,0.4344165027,0.5357704163,0.0015864776,-3.4740693569,27.2487487793,0.0013502982,-2.3643472195,13.2596130371,33.1439476013,0.1134688854,0.1206595153,1.2642494440,1.5636301041,0.0740992501,0.0926982462,0.1659809798,0.7872562408,0.0015813156,-3.5129244328,27.9878368378,0.0013408508,-2.3948040009,13.6540489197,34.6964149475,0.9993208051,0.9973617196,0.9992722273,0.9977655411,0.9994157553,0.9976260662,0.1333000958,0.1640065312,1.6394053698,1.9255914688,0.0548484176,0.0544376858,0.1409107596,0.0436193943,0.0004422494,7.5175042152,118.8638076782,0.0003358033,0.4944994152,5.7050561905,58.8534278870,0.1306341588,0.1597546786,1.6361476183,1.9562439919,0.0492584929,0.0478781536,-0.0632141978,0.4850242138,0.0004380541,7.5098333359,120.6213073730,0.0003352368,0.4566663802,5.4858875275,62.2927932739,0.1305155754,0.1610281020,1.6540120840,2.0710787773,0.0487353243,0.0422010906,-0.1566212773,1.4109258652,0.0004376331,7.3897228241,118.3384857178,0.0003336231,0.4640507996,5.5712184906,62.6593818665,0.9983292818,0.9899899364,0.9985253811,0.9940353036,0.9988880754,0.9916892648,0.1432739198,0.1818859130,1.6504833698,1.8536167145,0.1519781053,0.1345768720,0.9594847560,-0.0185961723,0.0005742200,5.0153603554,50.0189933777,0.0005316547,2.2548761368,16.0840167999,-6.0752058029,0.1399246454,0.1767353266,1.6506645679,1.8744225502,0.1523678005,0.1354241818,0.9837450385,0.0448107719,0.0005659033,4.9747896194,50.4270782471,0.0005310707,2.4209229946,18.6978206635,-8.8927545547,0.1411128491,0.1801572144,1.6501204967,1.9201626778,0.1481905580,0.1314123571,0.9675840139,0.0344045162,0.0005694391,4.9277548790,49.1918220520,0.0005259169,2.2071018219,15.6694412231,-5.0156373978,0.9971640706,0.9957531095,0.9978933930,0.9973215461,0.9982503057,0.9957323074
data/processed/standardized_dataset/Left/14-5.png,0,train,0.1008296013,0.1922201663,1.5884819031,3.7455196381,0.0515923724,0.0828849599,0.6215069294,2.7453508377,0.0002463113,-11.1719188690,209.5786590576,0.0001856947,-2.1260175705,19.9252929688,48.8321151733,0.1052098870,0.1876623183,1.6809282303,3.5312061310,0.0611699447,0.0870603174,0.9648363590,3.8568325043,0.0002495908,-10.9034376144,203.2162628174,0.0001990095,-3.3873236179,39.1616439819,41.8591308594,0.0987838954,0.1838398278,1.6670506001,3.9171295166,0.0537721813,0.0907501578,0.6382234693,2.7517409325,0.0002438595,-10.6318635941,196.0505371094,0.0001890543,-2.8624136448,33.1591529846,45.5658416748,0.9945432544,0.9749096632,0.9929629564,0.9839642048,0.9959302545,0.9761351943,0.0498353839,0.0616751984,0.3007370830,-0.0833287239,0.1681107134,0.1718263626,0.7963751554,0.3224968910,0.0009722828,-1.6686451435,2.2457771301,0.0010271727,-5.2920136452,85.9495391846,-237.3320312500,0.0512768216,0.0621995367,0.3034874201,-0.1014056206,0.1646236926,0.1708590537,0.8423104882,0.3485875130,0.0009947758,-1.6299018860,2.0644092560,0.0010214731,-5.3799443245,83.6379928589,-221.0489349365,0.0508680716,0.0623917356,0.2641817927,-0.1172251701,0.1655547768,0.1687840968,0.8546494246,0.3417673111,0.0009864388,-1.6294294596,2.0587425232,0.0010233438,-5.3931927681,84.8564910889,-225.4591217041,0.9987581968,0.9968622923,0.9986682534,0.9978648424,0.9990556240,0.9970294237,0.0595724881,0.0786267817,0.8514865041,1.3207330704,0.0928534418,0.0912877470,0.8463133574,0.8483841419,0.0002907513,0.3250322938,10.9093656540,0.0003221332,1.9438561201,27.5328865051,-55.8663139343,0.0593875349,0.0790490434,0.8572273850,1.2906827927,0.0855248049,0.0892302692,1.0812593699,1.0842533112,0.0002881614,0.3279303014,10.9074907303,0.0003193869,2.0158877373,27.7881412506,-44.0113754272,0.0591647327,0.0789725929,0.8781536222,1.3038692474,0.0904836357,0.0841526538,0.6330343485,0.8344974518,0.0002868510,0.3795982301,10.9107761383,0.0003211693,1.7141764164,24.6623039246,-52.9350891113,0.9960585833,0.9888437986,0.9953179955,0.9952273965,0.9974914193,0.9919623733,0.1039234102,0.1241595224,1.5077521801,1.9820075035,0.1606089473,0.1500242949,1.0714764595,0.2146725655,0.0004586863,1.6124880314,16.6185455322,0.0004858345,3.1675648689,32.1273498535,-54.5454940796,0.1042478830,0.1259281337,1.5488409996,2.0725431442,0.1637705415,0.1542947739,1.0877679586,0.2510414124,0.0004522993,1.6883099079,17.1014461517,0.0004867841,3.4482262135,36.3956642151,-57.0972366333,0.1041847020,0.1262474358,1.5526278019,2.0876994133,0.1619158983,0.1516245902,1.0666972399,0.1869504452,0.0004499697,1.7309085131,17.0667572021,0.0004852294,3.1841566563,32.3121795654,-55.4123535156,0.9961464405,0.9919484258,0.9946489930,0.9950721860,0.9973524213,0.9951449037
data/processed/standardized_dataset/repository/goodrahstar-footprint-database-d25efc1/Dactyloscopic/Left/30-2.png,0,train,0.1162274331,0.1865690053,1.5930804014,4.2818865776,0.0395242050,0.0688471124,-0.7720616460,1.5957818031,0.0002889144,-16.1406974792,358.0474548340,0.0001517826,-1.1595374346,5.0703105927,65.9940795898,0.1250855029,0.1834910214,1.8418080807,4.5836615562,0.0382389612,0.0697194487,-0.7881722450,2.1875886917,0.0003055674,-16.7920131683,378.7610473633,0.0001550173,-1.2806411982,5.6855478287,69.4297409058,0.1179608554,0.1832185388,1.6720353365,4.5533361435,0.0382797606,0.0729262084,-0.8747941256,2.0517177582,0.0002940709,-16.2724952698,363.6088562012,0.0001533301,-1.1102987528,4.2992835045,67.5487594604,0.9955989122,0.9824987054,0.9953324795,0.9871476889,0.9975124598,0.9899424911,0.0545169115,0.0724754557,0.2000007182,0.7109427452,0.0962769613,0.2372136712,0.6022140384,0.8146269321,0.0008849101,-1.6287338734,2.1773328781,0.0013999060,-12.5713481903,267.1906433105,-76.6001739502,0.0548735186,0.0728126541,0.2077961117,0.7185714245,0.1064358279,0.2352194488,0.6183729768,0.7704050541,0.0009025467,-1.5977029800,1.9906005859,0.0014365523,-12.9184722900,275.0032043457,-93.9657440186,0.0550819635,0.0726100951,0.1945237219,0.7588331699,0.1028113514,0.2354985923,0.6305999756,0.7948925495,0.0008944225,-1.6015801430,2.0172977448,0.0014166380,-12.5392246246,264.6042785645,-86.6515731812,0.9984543324,0.9982912540,0.9983283877,0.9989956617,0.9988892674,0.9983885884,0.0585840754,0.0822978467,1.6554434299,4.9370722771,0.0764101967,0.0681162328,0.6407669187,0.8627781868,0.0002378934,1.7190028429,14.7772178650,0.0003571150,3.7884299755,53.6887702942,-30.4282703400,0.0584597178,0.0838994682,1.7414858341,5.3618946075,0.0784531683,0.0701608509,0.5962689519,0.5540184975,0.0002357435,1.6812882423,15.0762825012,0.0003543256,3.5633206367,49.8080635071,-34.2003898621,0.0577321947,0.0820913464,1.6262013912,4.9175744057,0.0753240734,0.0682700723,0.6678217053,1.0078539848,0.0002385476,1.6472532749,14.6108303070,0.0003577195,3.7189693451,52.6319236755,-30.4715232849,0.9939662218,0.9930577278,0.9933034778,0.9973164201,0.9976584911,0.9914833903,0.0966240466,0.1176251844,1.9087307453,4.3022537231,0.1261047721,0.1026367471,1.0544327497,0.5910170078,0.0004255234,2.9950819016,19.9922027588,0.0005125244,2.3892493248,17.8352298737,-30.5107536316,0.0955174416,0.1176553071,1.9643692970,4.6386189461,0.1248684675,0.1002093479,1.0222122669,0.5017914772,0.0004202455,2.9538424015,20.2488155365,0.0005088298,2.3633236885,18.2493667603,-30.7284469604,0.0948677957,0.1157163307,1.9104084969,4.4478745461,0.1275882572,0.1050131395,1.0929963589,0.6639034748,0.0004238810,2.9208028316,19.7915725708,0.0005138635,2.4188733101,18.5508708954,-34.4905891418,0.9940941334,0.9943706393,0.9934180975,0.9966892600,0.9975222945,0.9961761236
data/processed/standardized_dataset/repository/goodrahstar-footprint-database-d25efc1/Dactyloscopic/Left/30-4.png,0,train,0.0710945129,0.1309573799,1.8543580770,6.1913919449,0.0419802964,0.0834328234,-0.2310885936,0.8752744198,0.0001806563,-9.4307823181,158.9209289551,0.0001369212,-1.7394913435,6.7991123199,40.9514274597,0.0720702782,0.1284477562,2.0098083019,6.2085819244,0.0400462002,0.0798932090,-0.3544751108,0.9327130318,0.0001844459,-9.5630979538,161.5545806885,0.0001365824,-1.6638615131,6.0086936951,44.4345130920,0.0696556270,0.1270482540,1.8962831497,6.6303186417,0.0395897999,0.0833164975,-0.2811913788,1.0286073685,0.0001792955,-9.1761159897,152.5590362549,0.0001356182,-1.5338381529,5.0149097443,43.1635284424,0.9955348969,0.9791027904,0.9952242970,0.9898138642,0.9963437319,0.9815986753,0.0381516740,0.0667230412,0.4727502465,1.0412359238,0.0784065798,0.0863765553,0.2167351991,-0.0380508900,0.0010044930,-1.7908816338,2.9765949249,0.0013967656,-2.3230180740,15.5729370117,-105.5128173828,0.0387545340,0.0668016002,0.4873011410,1.0239667892,0.0833101273,0.0949414894,0.1381541789,0.0472073555,0.0010186990,-1.7664487362,2.8160896301,0.0014025109,-2.4538092613,16.6369495392,-114.9687271118,0.0389005244,0.0669718683,0.4864417315,1.0394558907,0.0833126381,0.0919375122,0.1317664087,0.0792365074,0.0010161194,-1.7857260704,2.9272756577,0.0013914458,-2.3622496128,16.1064128876,-114.1684188843,0.9986549616,0.9982453585,0.9979223609,0.9974411130,0.9983568788,0.9974138141,0.0589334890,0.0795207098,1.6738653183,5.6349601746,0.1224698052,0.1126180366,0.6989889741,-0.3146326542,0.0002447577,2.3741610050,22.4148197174,0.0003313311,2.0458285809,22.3554992676,-107.8102035522,0.0586023703,0.0793882459,1.6707764864,5.6664657593,0.1166681573,0.1084854901,0.6723332405,-0.3255639076,0.0002435484,2.3773181438,22.2717933655,0.0003272988,1.9822297096,20.1764640808,-99.0843658447,0.0579172373,0.0791309029,1.6315789223,5.5214805603,0.1196553707,0.1076707989,0.7002835870,-0.3078389168,0.0002428064,2.3192787170,21.9537677765,0.0003289235,1.9849517345,21.2322139740,-106.5971679688,0.9972286820,0.9943594933,0.9967772365,0.9971809387,0.9972103238,0.9936501384,0.0943905562,0.1094511896,1.8610780239,4.3355073929,0.1239697784,0.1004332379,0.8090565205,0.1636030674,0.0004310659,3.2735974789,26.6861839294,0.0004747424,2.2159869671,15.3652210236,-31.3370571136,0.0938487723,0.1090140939,1.8523869514,4.3389139175,0.1242818609,0.1010274068,0.8101326227,0.0627267361,0.0004303337,3.2459237576,26.3891391754,0.0004748669,2.2685155869,15.9666137695,-32.4277954102,0.0927334353,0.1081136093,1.8513410091,4.3578462601,0.1219855398,0.0982185453,0.8397759795,0.1092309952,0.0004302248,3.1736655235,25.7355690002,0.0004718010,2.1485085487,14.5357913971,-31.5442905426,0.9975881577,0.9958464503,0.9972827435,0.9963927269,0.9980603456,0.9959087968
data/processed/standardized_dataset/repository/goodrahstar-footprint-database-d25efc1/Dactyloscopic/Left/30-5.png,0,test,0.0608807951,0.1069921032,2.4036536217,9.9850273132,0.0622781962,0.1175841466,-0.2951447368,2.3129615784,0.0001718420,-7.7856478691,126.0434570312,0.0001712834,-2.9136142731,30.2671356201,-2.2953069210,0.0685740039,0.1206551790,2.8034975529,10.4209022522,0.0654015467,0.1293621659,-0.3435505927,2.1900525093,0.0001822679,-9.3449459076,164.0705413818,0.0001784027,-3.8787844181,49.5760993958,4.6263265610,0.0648529753,0.1107471958,2.6997647285,10.3737277985,0.0625595301,0.1263834387,-0.3206625879,2.0638761520,0.0001763604,-8.5079250336,143.4305114746,0.0001721770,-3.4234666824,41.3071212769,3.5363762379,0.9920271635,0.9876230359,0.9926994443,0.9872915149,0.9940502644,0.9847772121,0.0442127362,0.0607219897,0.1210668012,1.3269124031,0.1695252359,0.2324146926,1.0065226555,-0.0319314003,0.0009847302,-1.5781506300,2.5515356064,0.0015998097,-8.7487268448,162.5229339600,-283.4307861328,0.0447691754,0.0610481091,0.1297781169,1.4124684334,0.1736128777,0.2408574820,0.9913221002,-0.0507142544,0.0009953931,-1.5516284704,2.3422646523,0.0016283724,-9.3881111145,179.5899200439,-287.7955627441,0.0448056906,0.0613198467,0.1082829833,1.3892908096,0.1711921990,0.2353656590,1.0291764736,-0.0257120132,0.0009912227,-1.5439943075,2.3408966064,0.0016049444,-9.0850601196,171.3442535400,-282.0769042969,0.9983072281,0.9986029863,0.9976158142,0.9985370636,0.9981604218,0.9981693029,0.0552882515,0.0710652992,1.5831332207,5.8764610291,0.1426560283,0.1377635300,0.7126425505,-0.1710855961,0.0002668943,1.7054668665,15.3379344940,0.0003763052,2.2352037430,40.8293457031,-158.0223236084,0.0552676320,0.0719978958,1.6594301462,6.2656850815,0.1429839283,0.1396663189,0.6968410015,-0.1824679375,0.0002650717,1.7305971384,15.4181690216,0.0003746460,2.2586336136,41.2371330261,-158.7118835449,0.0547732487,0.0712414682,1.6008635759,6.0443210602,0.1337775886,0.1254585385,0.7163125277,-0.1113755703,0.0002644922,1.7113360167,15.2347221375,0.0003683832,2.3347997665,36.0978775024,-144.2389221191,0.9960166812,0.9953030348,0.9964549541,0.9963818192,0.9972667694,0.9919982553,0.0834985152,0.0990434289,1.8366492987,4.7731719017,0.1499442309,0.1457654983,1.0308881998,0.8398239613,0.0004756635,2.3063700199,18.9912624359,0.0005455414,3.7950639725,36.1191558838,-79.5771255493,0.0835562274,0.1001524776,1.8800730705,4.8942213058,0.1490978897,0.1434697658,1.0075916052,0.8040697575,0.0004740576,2.3133990765,18.8274517059,0.0005427171,3.7744905949,35.0695686340,-78.4401855469,0.0823718160,0.0981008634,1.8179535866,4.7704629898,0.1452290416,0.1391462088,1.0537457466,0.8465862274,0.0004750998,2.2619669437,18.4259567261,0.0005392436,3.5556485653,32.3506736755,-76.3091430664,0.9968200922,0.9963462949,0.9967731237,0.9971669912,0.9979904294,0.9955910444
data/processed/standardized_dataset/Left/15-1.png,0,train,0.0886972845,0.1602940112,1.2237088680,5.0289392471,0.0485856943,0.0676596016,0.0993371084,1.1048583984,0.0002212305,-12.2328853607,238.2878570557,0.0001554920,-1.9775170088,10.7274751663,45.2230186462,0.1066324860,0.1660573035,1.6804922819,4.1489410400,0.0500470959,0.0662361532,0.0078214714,1.1650133133,0.0002517973,-14.9271755219,317.6048889160,0.0001575785,-1.9951972961,11.0228080750,53.0658073425,0.0980732739,0.1608538330,1.6491131783,4.4547467232,0.0522055030,0.0703533292,0.3346177340,1.2907619476,0.0002377390,-14.1171703339,296.3016052246,0.0001687705,-2.3129317760,11.8378515244,46.7688789368,0.9905447960,0.9786977768,0.9884202480,0.9500704408,0.9911659956,0.9494063258,0.0910722464,0.0779359490,-0.1175334379,0.6233510971,0.0976209790,0.1242456064,0.8776423931,2.2608947754,0.0027763119,-1.5666421652,1.8302588463,0.0029226237,-3.6703145504,19.8343181610,-7.1907005310,0.0916283578,0.0782540590,-0.1144794002,0.3286068439,0.0959073678,0.1230366528,1.0950161219,2.4827413559,0.0028054244,-1.5570544004,1.7748150826,0.0029435647,-3.7755658627,20.0503063202,-4.6699624062,0.0936767012,0.0791258439,-0.1222000718,0.4556620121,0.0960056186,0.1122190207,0.0074825841,1.3008155823,0.0025525868,-1.5666778088,1.6538777351,0.0022326119,-2.6299188137,12.7380790710,-2.4861223698,0.9997209311,0.9983620644,0.9842808843,0.9686567783,0.9836664796,0.9644607902,0.0640597269,0.0903072506,2.0922515392,7.4550056458,0.0838858634,0.1070574224,0.0363202058,1.4409418106,0.0003385973,3.4505848885,31.5027847290,0.0004061290,1.6919629574,28.6696186066,-30.9494552612,0.0629633516,0.0899869055,2.1189477444,7.6018600464,0.0762053803,0.1021965742,0.2389607280,1.6489138603,0.0003350782,3.4278142452,32.1539764404,0.0003907760,2.1835711002,25.5957241058,-21.0313282013,0.0591598079,0.0842537731,1.9552849531,7.2438240051,0.0795510858,0.0955568105,-0.0844083279,1.0504913330,0.0002994424,3.0862498283,25.2960643768,0.0003707995,0.5649701357,24.5569515228,-34.4681282043,0.9964110255,0.9833410382,0.9892781377,0.9871382713,0.9891020060,0.9683501124,0.0949336439,0.1189060658,2.4504318237,7.2136669159,0.1259225905,0.0921778008,1.0129859447,0.6864545345,0.0005958446,4.2188191414,32.1603393555,0.0006137656,3.2153630257,29.9314384460,-32.6427459717,0.0925573856,0.1170853674,2.5097668171,7.6924133301,0.1315794289,0.0981998742,1.1345736980,1.0811395645,0.0005836812,4.1484537125,32.3624687195,0.0006144106,3.0933954716,28.3118591309,-42.1598358154,0.0864199996,0.1069503874,2.4226386547,7.8451690674,0.1158048660,0.0856574401,1.0643414259,1.1322426796,0.0005265658,3.6882424355,25.8369541168,0.0005575128,2.7636330128,22.7131195068,-34.0023918152,0.9959706664,0.9822693467,0.9926525950,0.9883495569,0.9924718738,0.9806391001
data/processed/standardized_dataset/Left/16-3.png,0,train,0.0365220457,0.0709702075,-0.3152995408,1.0630583763,0.0457374007,0.0822675079,-0.2951162457,1.0273771286,0.0001318650,-1.1792241335,3.6203985214,0.0001513564,-1.3860599995,4.5014486313,-25.2323074341,0.0408568457,0.1036529467,-0.3822448850,1.0373334885,0.0509512201,0.1038684398,-0.2127286494,1.1070289612,0.0001339935,-1.6433621645,7.9818181992,0.0001523427,-1.8205257654,9.0516843796,-24.7066898346,0.0360723585,0.0680641383,-0.2939593196,0.7410740852,0.0488053635,0.0897523165,-0.3737214506,1.0387105942,0.0001417077,-1.0504263639,2.7886152267,0.0001730287,-1.2742004395,5.4938850403,-35.2985115051,0.9748181105,0.9778089523,0.9415439963,0.9117009044,0.9213854074,0.9012029171,0.1242185161,0.1415290684,1.1013114452,1.3559370041,0.2079849392,0.2869616151,0.8824295402,-0.6149473190,0.0012911989,0.1095139757,55.1963386536,0.0016973754,-15.9332609177,371.8814392090,-67.4347305298,0.1145609170,0.1344485879,1.0216383934,1.4557785988,0.2084997445,0.2835984826,0.8939289451,-0.6576385498,0.0013441776,-0.0471963845,44.0994338989,0.0017771544,-15.2548408508,351.4094848633,-81.9990158081,0.1415681541,0.1520832032,0.9991908669,1.3770036697,0.2157843709,0.2882592976,0.8845453858,-0.5869517326,0.0012482088,0.5961892605,67.5133132935,0.0016457534,-16.9235382080,404.3845520020,-52.4243736267,0.9876790047,0.9908963442,0.8942467570,0.9405715466,0.8536354303,0.9147092104,0.0721232444,0.1358389705,0.6188740730,1.8705425262,0.1255141944,0.1323659271,1.2815779448,1.0496788025,0.0004340495,6.7058310509,128.8090972900,0.0003390246,6.5582709312,113.8730087280,-74.0273818970,0.0814607739,0.1354085952,0.8856916428,2.2574071884,0.1346064955,0.1399864852,1.2120417356,0.6371314526,0.0004536266,7.9322509766,154.1898651123,0.0003562339,6.9982705116,121.4478836060,-65.2408752441,0.0542316474,0.1593927741,-0.0213638246,1.6140685081,0.1020746008,0.1064237803,1.2311729193,1.1832284927,0.0004290539,2.6613981724,89.6483078003,0.0003179060,3.9843943119,59.0122146606,-88.2196197510,0.9943853617,0.9876019955,0.9302908778,0.8966396451,0.9152152538,0.8644133210,0.1310469061,0.1252604127,1.3405214548,1.8609147072,0.1677567810,0.1634694934,1.0865091085,0.1162185669,0.0005502196,5.5475935936,55.3312568665,0.0005110500,6.4509625435,89.8131713867,-28.0127754211,0.1353662759,0.1250339597,1.3990992308,1.9462547302,0.1761334538,0.1700203568,1.0393350124,-0.0456438065,0.0005669948,5.7326254845,58.1143989563,0.0005289697,6.8559732437,97.2791213989,-30.1161994934,0.1174016371,0.1230077147,1.0962325335,2.0166692734,0.1406547874,0.1325513721,1.1602551937,0.5435934067,0.0005455118,5.1877837181,50.1444053650,0.0004962076,4.3053212166,49.9936523438,-19.8064956665,0.9923703074,0.9902589917,0.9282542467,0.8858798742,0.9081048369,0.8625258207
data/processed/standardized_dataset/Left/16-4.png,0,test,0.0620625317,0.2151437104,-0.1726367325,1.0931797028,0.0396174081,0.0720531717,-0.4584355354,1.9221520424,0.0001699050,-6.9388093948,104.0311203003,0.0001518439,-1.4324215651,5.8196372986,36.1653366089,0.0699121803,0.2317693532,-0.2564101517,1.0231366158,0.0400509238,0.0870622694,-0.5122956634,2.4387063980,0.0001780281,-8.3136177063,135.2707214355,0.0001504308,-1.9787106514,12.6109886169,42.7125244141,0.0718801618,0.2241420746,-0.2167148292,1.2517542839,0.0392447077,0.0787390545,-0.5327341557,2.2102260590,0.0001899862,-7.9956674576,128.4698181152,0.0001585616,-1.6470354795,9.7553195953,45.4025878906,0.9728077054,0.9613038898,0.9502239227,0.9274077415,0.9621374607,0.9279388189,0.0935459882,0.1453643441,1.2354526520,2.0216875076,0.1357605606,0.2179452777,0.2078465670,0.1850275993,0.0011742252,-2.2357809544,54.2160568237,0.0015628710,-9.8061151505,178.4208221436,-45.1270790100,0.0804557502,0.1208077818,0.8856816292,1.5067505836,0.1236864850,0.1948392540,0.1644423604,0.2346427441,0.0014710729,0.2513484359,28.0585021973,0.0017351042,-6.7645955086,117.5353927612,-53.7323112488,0.1113955826,0.1718435436,1.2181658745,2.5554075241,0.1438107938,0.2402948737,0.1516553909,0.1518430710,0.0009499549,-6.7119283676,101.9500656128,0.0013830542,-12.7829284668,239.3318786621,-29.0991897583,0.9673222303,0.9744869471,0.6144609451,0.8175964952,0.4467392266,0.7032058239,0.1212426946,0.1812479794,1.2522331476,2.1533489227,0.0939319357,0.1245375797,0.4914063811,-0.2719292641,0.0003533920,6.6819801331,121.5843276978,0.0003605353,10.6129016876,215.9660339355,22.5256938934,0.1312524676,0.1866131425,1.3358511925,1.9770612717,0.0998142958,0.1298417747,0.4244555533,-0.3894419670,0.0003840247,7.3643379211,134.9030151367,0.0003835423,11.5124530792,244.6607055664,23.9524421692,0.1046638936,0.1598328054,1.2670270205,2.3170757294,0.0803436786,0.1030111015,0.5937459469,0.0762364864,0.0003370084,4.4794893265,79.1941223145,0.0003297750,7.8714957237,140.7227020264,23.2364902496,0.9735235572,0.9755083919,0.8818742633,0.8772946000,0.8541122675,0.8403618932,0.1457503438,0.1523127407,1.4156091213,1.9277153015,0.1584986299,0.1480172724,0.9238459468,-0.2276637554,0.0004896932,5.6268110275,61.8499069214,0.0005301685,6.2394170761,76.2258605957,-8.7466592789,0.1535468847,0.1536022425,1.3959794044,1.7573342323,0.1679114252,0.1527879536,0.8798225522,-0.3652577400,0.0005305486,5.5304684639,59.6758460999,0.0005566417,6.7542743683,82.9836425781,-9.3551492691,0.1222887114,0.1296330541,1.4020956755,2.3360958099,0.1363278925,0.1219251826,0.9538300633,0.0408585072,0.0004747933,4.2371244431,39.9667472839,0.0005160451,4.4216294289,44.6864433289,-11.4803571701,0.9714134932,0.9773772955,0.8446096778,0.8458755612,0.8106715083,0.8116399050
data/processed/standardized_dataset/repository/goodrahstar-footprint-database-d25efc1/Dactyloscopic/Left/31-1.png,0,train,0.0342331789,0.0602446869,0.2830307782,0.1856198311,0.0572615191,0.0910181478,0.9536165595,2.7634725571,0.0001468288,-2.4284322262,16.6670951843,0.0001603376,-6.5359163284,106.2386016846,-67.2690658569,0.0346211493,0.0563404523,0.2251979858,0.1722290516,0.0620275997,0.0958840474,1.0432591438,3.6471943855,0.0001265063,-3.0588526726,25.2660007477,0.0001502360,-8.9511222839,163.8393554688,-79.1610031128,0.0348058492,0.0602192506,0.2052461654,0.2205469608,0.0380201153,0.0509130470,0.2913613617,1.3171925545,0.0001655044,-2.1448075771,12.5300006866,0.0001494903,-1.8184905052,13.4171638489,-9.2348451614,0.9466537833,0.9389310479,0.9031682611,0.7972068191,0.8614182472,0.7711038589,0.0468575954,0.0769982636,0.3244437575,0.8163239956,0.1068511903,0.1027396917,0.8785758615,0.1352620125,0.0014657899,-1.5260347128,2.1116027832,0.0022023951,-2.9951934814,23.5946121216,-128.0338745117,0.0416832194,0.0755403340,0.3064931929,0.5740790367,0.0962796584,0.0860993862,0.5205343962,-0.3726453781,0.0016757981,-1.5197592974,2.1875929832,0.0026385428,-1.7416201830,13.8524360657,-130.9794158936,0.0501718372,0.0764080361,0.2679249048,0.9683365822,0.1043954864,0.1078003421,1.5918335915,2.3317356110,0.0013827195,-1.4490283728,1.1888928413,0.0018012691,-3.0262200832,36.3716583252,-108.0758666992,0.9680665731,0.9728082418,0.9229662418,0.8702540994,0.9259200096,0.8963468075,0.0446946770,0.0682446212,1.6793316603,5.8717575073,0.0521440282,0.0567597412,0.7339476943,0.3152780533,0.0003184270,2.2295057774,20.5611953735,0.0005290091,0.1039740667,5.5057334900,-16.6672000885,0.0544156022,0.0811596885,2.0865337849,6.6902256012,0.0550950877,0.0558460541,0.6402691007,0.6383774281,0.0003525134,3.3988919258,31.5265159607,0.0005817597,0.2746912241,6.0201339722,-1.2486960888,0.0433282778,0.0649234280,1.2907063961,4.4246320724,0.0483098328,0.0546178333,0.7943807840,0.5633599758,0.0003045874,1.9589240551,16.2812252045,0.0004446761,0.2520306706,5.6311340332,-11.4972372055,0.9605811238,0.9642553329,0.9275819659,0.9440873265,0.9304236174,0.9239696264,0.0721987784,0.0979567990,2.1873579025,6.0448760986,0.0824720114,0.0658825785,0.1703564972,-0.4408404827,0.0005120460,3.5185518265,26.3809356689,0.0006780217,0.7949778438,9.4413423538,-14.2290954590,0.0846264511,0.1143842936,2.2769732475,5.6135854721,0.0862714946,0.0565216914,0.5265510678,0.6453793049,0.0005851638,4.2155618668,33.3474845886,0.0007282897,0.9328494072,10.3523378372,-1.9438880682,0.0683622435,0.0908110961,1.6695270538,4.1997952461,0.0739515796,0.0652834624,0.2960215509,-0.3964374065,0.0005086857,2.7145252228,18.3688316345,0.0005915429,0.7281168103,9.2714443207,-8.1760568619,0.9682466388,0.9597319365,0.9327370524,0.9322158694,0.9230044484,0.9137393832
data/processed/standardized_dataset/repository/goodrahstar-footprint-database-d25efc1/Dactyloscopic/Left/32-3.png,0,test,0.0596777685,0.1222725138,2.3059751987,6.6871433258,0.0489425547,0.0770759061,-0.0697749779,2.4375529289,0.0001530004,-7.0801219940,102.9983596802,0.0001386893,-2.1954109669,12.8188800812,17.9886322021,0.0569821484,0.1134760082,2.2716035843,6.9538860321,0.0514156669,0.0919183642,-0.0231770854,2.5330286026,0.0001488770,-6.1737618446,83.3637390137,0.0001434378,-2.7278110981,22.5438861847,9.7688159943,0.0585752204,0.1162587926,2.2599055767,6.6887588501,0.0515614599,0.0890099481,-0.0009597715,2.5918941498,0.0001511000,-6.4377636909,89.8726577759,0.0001409736,-2.5130012035,18.7296791077,11.9739379883,0.9894212484,0.9775700569,0.9896486998,0.9849308729,0.9908376932,0.9841598272,0.0359072164,0.0604792535,0.3523372114,0.1751224995,0.0837871134,0.1149810106,0.3161478937,0.7277307510,0.0007249626,-1.6561843157,4.2025017738,0.0011310414,-2.5324518681,29.5090637207,-133.3433837891,0.0360079855,0.0611466579,0.3374022841,0.1603541374,0.0905466378,0.1210301891,0.2898422480,0.3921654224,0.0007263670,-1.6919214725,4.1515130997,0.0011381914,-2.8075275421,31.2811889648,-151.4626617432,0.0368801542,0.0610506497,0.3675721884,0.1779146194,0.0866429880,0.1199742779,0.2508030832,0.6081633568,0.0007282158,-1.6404253244,3.7883558273,0.0011235934,-2.8479573727,31.3845825195,-134.9311981201,0.9960004091,0.9950264692,0.9948107600,0.9955248833,0.9952173829,0.9952101707,0.0622825250,0.0854923874,1.9669518471,6.4705848694,0.1058174074,0.0949636549,0.5160792470,-0.4423813820,0.0002439319,2.5389053822,22.5294666290,0.0003142982,1.8998687267,16.4323539734,-69.8990325928,0.0619869977,0.0847547725,1.9197597504,6.2878227234,0.1024200246,0.0929404125,0.5367904902,-0.2935030460,0.0002453282,2.4847223759,21.8129768372,0.0003080661,1.9117935896,14.8569183350,-65.2282409668,0.0614749268,0.0838978365,1.9174947739,6.2364788055,0.1000860259,0.0872965977,0.5381875634,-0.2249612808,0.0002466056,2.4314062595,20.8635883331,0.0003113091,1.8660395145,15.0244903564,-62.8078804016,0.9937541485,0.9837702513,0.9940761924,0.9926150441,0.9941367507,0.9879268408,0.1017836034,0.1302030683,2.0805993080,4.6108489037,0.1215035468,0.1101510003,1.1033315659,0.9441816807,0.0004195843,3.6133551598,32.0519447327,0.0004977413,2.3932921886,18.3544635773,-19.3743820190,0.1010961980,0.1290632635,2.0719649792,4.5960645676,0.1230727211,0.1131781787,1.0971816778,0.9879295826,0.0004204637,3.5657050610,31.3490409851,0.0005000526,2.6075448990,21.5228900909,-21.7382297516,0.0997632295,0.1272474378,2.0959026814,4.7873158455,0.1208568588,0.1107859537,1.1137789488,0.9697628021,0.0004201622,3.4891064167,30.4963455200,0.0005011639,2.3759465218,18.6156787872,-21.1436920166,0.9936507344,0.9906402230,0.9955754280,0.9935265779,0.9951454997,0.9912134409
data/processed/standardized_dataset/repository/goodrahstar-footprint-database-d25efc1/Dactyloscopic/Left/32-4.png,0,train,0.0443506315,0.0767110363,1.7948840857,5.2617492676,0.0395272262,0.0712991878,-0.1727001071,1.2801246643,0.0001553535,-3.5026288033,34.2948417664,0.0001545417,-1.1532092094,4.7984681129,10.8756179810,0.0451442711,0.0769112930,1.8679480553,5.5610122681,0.0424211398,0.0892281979,-0.2611781061,1.2574071884,0.0001569188,-3.6333916187,36.7894172668,0.0001572098,-1.4030207396,6.0516796112,6.0320639610,0.0449436754,0.0788580626,1.7313704491,4.9439167976,0.0423163176,0.0802886859,-0.2455241829,1.3428153992,0.0001569647,-3.6722586155,37.5517120361,0.0001565718,-1.2838523388,5.6556415558,5.8458900452,0.9861512780,0.9779852629,0.9836837649,0.9814226031,0.9887294769,0.9862249494,0.0362810567,0.0647777840,0.2903839350,0.4800815582,0.1660998911,0.2213999331,1.1005448103,0.1810314655,0.0007485580,-1.2357113361,5.2955865860,0.0014471117,-11.5929918289,231.8651123047,-357.8143615723,0.0365149826,0.0646514073,0.2891964912,0.4823634624,0.1699448228,0.2238701433,1.0813496113,0.1785404682,0.0007496214,-1.3514350653,5.1169233322,0.0014675276,-11.9906997681,242.1509399414,-365.4112243652,0.0365281329,0.0647632256,0.2664873600,0.4901249409,0.1673295498,0.2191002220,1.0671070814,0.2055616379,0.0007499508,-1.3747692108,5.0423336029,0.0014364959,-11.5924510956,231.5754852295,-358.0840454102,0.9942690134,0.9981902242,0.9921578765,0.9976128936,0.9955099821,0.9975540638,0.0463400632,0.0628772750,0.4964930415,1.9564418793,0.1210453436,0.1175586656,0.7556775808,-0.2612447739,0.0002998738,1.2660003901,10.2907915115,0.0004026035,2.0214233398,36.3841743469,-161.2109985352,0.0461321101,0.0629377216,0.4202784896,1.8473906517,0.1204112321,0.1187900752,0.7079336643,-0.3102722168,0.0002993579,1.2921196222,10.0389785767,0.0003959581,1.9843401909,33.5467224121,-161.0139312744,0.0460202917,0.0630221814,0.4420212507,1.9183602333,0.1204843298,0.1191236302,0.7151125669,-0.3110301495,0.0002971444,1.3512077332,10.2509403229,0.0004015072,2.0020842552,34.5444107056,-161.8069610596,0.9897447824,0.9919639230,0.9861475229,0.9936400652,0.9923080206,0.9922678471,0.0729151443,0.0847510174,1.3096057177,3.0622258186,0.1381901950,0.1117295250,0.8038327098,-0.1577792168,0.0005260614,1.9122198820,14.1724586487,0.0006167343,2.2387249470,25.6295299530,-89.5219421387,0.0726045519,0.0842818767,1.3007218838,3.1110754013,0.1352186203,0.1089101955,0.8111609221,-0.0979990959,0.0005248653,1.8897432089,13.7865257263,0.0006059512,2.1627051830,23.8333225250,-86.2398681641,0.0716322809,0.0834568143,1.2997425795,3.1513547897,0.1344616711,0.1074813977,0.7862123251,-0.1160678864,0.0005205816,1.9177974463,14.1659374237,0.0006145540,2.0248470306,23.2777175903,-87.7109985352,0.9897910357,0.9924931526,0.9865981936,0.9924134612,0.9916666150,0.9932128787
data/processed/standardized_dataset/Left/16-5.png,0,train,0.1099670976,0.1730367392,0.8777709007,3.9945278168,0.0500023551,0.0629612878,0.2184777111,3.2043476105,0.0002604312,-13.6435890198,250.3092346191,0.0001627369,-2.3604934216,16.7762126923,54.5297126770,0.1157549694,0.1658299416,1.2202340364,4.2218675613,0.0538782217,0.0740471557,0.3288526833,4.1452503204,0.0002613005,-13.8647422791,255.6975097656,0.0001628562,-3.4557366371,34.3701972961,53.4549369812,0.1061921716,0.1626481712,1.0115162134,4.7052640915,0.0504902937,0.0631800145,0.0749752820,2.9524469376,0.0002698454,-12.6552925110,227.6348419189,0.0001900101,-1.7734451294,13.7589111328,52.4538459778,0.9948998690,0.9756386876,0.9772154093,0.8894538283,0.9766093493,0.8744257092,0.0299493093,0.0607200563,1.0513038635,3.1068563461,0.0836433619,0.1279467791,0.6800226569,1.8671374321,0.0007771141,0.6017135978,11.3162689209,0.0008782350,-4.4417672157,74.3432312012,-179.2831115723,0.0285990704,0.0611981563,1.0981910229,3.4271020889,0.0777666122,0.1114444733,1.0139296055,2.0768051147,0.0008779554,1.0031530857,11.4280405045,0.0009390951,-3.2311332226,57.2299118042,-171.9200744629,0.0404239781,0.0580953099,0.5156189799,0.2682552338,0.0935878456,0.1283235401,0.7708366513,2.0367679596,0.0006706141,-1.6821407080,4.0993199348,0.0008223240,-6.0201954842,88.2692337036,-131.5156707764,0.9789763093,0.9757988453,0.6467705965,0.7840416431,0.5501163602,0.6929835081,0.0596272722,0.0679753199,1.5083717108,5.2621450424,0.0744431615,0.0872161835,1.5929238796,3.1531486511,0.0002205830,2.9461445808,30.8585739136,0.0002630407,3.3687131405,42.3979949951,-24.8475055695,0.0638408810,0.0710741729,1.7332857847,6.2560873032,0.0795323253,0.0851475373,1.5468453169,3.3110470772,0.0002302598,3.3231956959,36.3238601685,0.0002806400,3.8456041813,47.1541824341,-24.5789909363,0.0466752425,0.0598517545,0.6423037052,2.1821446419,0.0587605201,0.0619056821,1.0677521229,2.0199270248,0.0002406917,1.4789904356,15.3217811584,0.0002808985,1.4725457430,16.0922050476,-25.8922653198,0.9789655805,0.9727299213,0.8337718844,0.8023377657,0.8047091365,0.7416525483,0.1066855118,0.1098255888,1.6994246244,3.4006400108,0.1254114956,0.1112292185,1.6002578735,2.8012390137,0.0003900810,4.3436312675,38.9162788391,0.0004553925,4.8869061470,52.5894317627,-17.5525093079,0.1131527126,0.1151251122,1.8064538240,3.9544768333,0.1346127689,0.1185598373,1.5469281673,2.4330015182,0.0004083048,4.6596660614,42.7001686096,0.0004763023,5.7018761635,65.3897705078,-18.9655685425,0.0874488056,0.0902578309,1.4019660950,3.2804813385,0.1058332399,0.0901198611,1.5303258896,3.2457752228,0.0003998144,2.8748168945,22.1378364563,0.0004701386,3.1596653461,29.3807067871,-21.0230827332,0.9864933491,0.9866036177,0.8756647110,0.8437076211,0.8506737351,0.8098079562
data/processed/standardized_dataset/Left/17-1.png,0,train,0.0480905659,0.0816843957,0.8530099988,4.6627807617,0.0426374972,0.0554546900,-0.2612169683,2.3767409325,0.0002900758,-4.5929245949,56.5678520203,0.0002539118,-0.4210681617,3.4981594086,11.3391656876,0.0732757822,0.1208424494,1.6826086044,9.4137878418,0.0542445593,0.0962046906,-0.1161951423,6.1789913177,0.0002664408,-14.0387544632,282.1535949707,0.0001980961,-5.0518312454,79.2384338379,25.9720497131,0.0645246357,0.1062678546,1.8833162785,9.8535757065,0.0483837649,0.0727892220,-0.3096178770,3.9175901413,0.0002695848,-11.8151922226,224.7474975586,0.0002044875,-1.9808309078,16.4888153076,25.0150508881,0.7964581847,0.7202904820,0.8471001983,0.7956191897,0.9809464812,0.9328566790,0.0513962246,0.0790999532,0.9370667934,1.6685137749,0.0970456302,0.1323533952,0.8787113428,0.7934019566,0.0015194222,-2.0594217777,5.4371242523,0.0025105593,-4.4048757553,23.1154651642,-88.8185958862,0.0403597951,0.0773724169,0.9452391267,1.5327205658,0.0908806548,0.1170592010,0.9332159162,1.0611934662,0.0015077774,-1.9479941130,5.1434364319,0.0027639512,-3.3846755028,16.0382175446,-125.1762008667,0.0443134196,0.0720145926,0.5600972176,1.1840243340,0.0909789726,0.1096930653,0.4997645020,0.1381895542,0.0010680974,-1.5631034374,3.2909612656,0.0019027677,-3.1696498394,17.3044624329,-105.3079452515,0.9282319546,0.9272873402,0.8973497152,0.9014641643,0.9468771815,0.9684431553,0.0386121497,0.0588283800,0.1566119939,0.8937938213,0.0603657886,0.0776393861,0.6087000370,0.6768174171,0.0003701331,0.8182603717,11.1163845062,0.0005482404,0.8926553726,10.8228435516,-56.3388442993,0.0410101935,0.0592175536,0.4529199600,1.7588458061,0.0699368343,0.0807445124,0.8719530702,1.6561818123,0.0003769550,2.0613148212,19.5571098328,0.0005717984,1.7135988474,18.9154109955,-70.5352478027,0.0361888595,0.0565636270,0.0516508073,0.7773981094,0.0549864098,0.0715125501,0.7208692431,1.2382502556,0.0003328067,1.1026886702,11.0664691925,0.0005040154,0.9840283990,9.8162965775,-51.9429206848,0.7794045210,0.7174885273,0.8512307405,0.8116465211,0.9664824605,0.9642511606,0.0627226010,0.0816463158,1.9965670109,7.0497169495,0.1093906984,0.0821951255,1.1119171381,1.9106240273,0.0005452301,2.5943796635,22.0199604034,0.0006980523,1.7845790386,17.6836318970,-74.4039611816,0.0645098388,0.0867930800,1.9427828789,6.0150470734,0.1202607006,0.0935421586,1.1712858677,1.6977577209,0.0006216663,2.9123268127,23.7019367218,0.0007741709,2.2181003094,22.4960269928,-86.4222640991,0.0555410050,0.0737711340,1.2429220676,3.9624366760,0.0957241580,0.0759044886,1.2308382988,2.5749988556,0.0005494066,1.9219194651,14.8881282806,0.0006786043,1.4991298914,12.9435224533,-72.3486251831,0.8201497197,0.6795299649,0.8663836718,0.7891618609,0.9737893343,0.9578423500
data/processed/standardized_dataset/Left/18-2.png,0,train,0.0558763444,0.0917222500,1.4927852154,7.0660858154,0.0387496985,0.0630738661,-0.5342140794,0.3304750919,0.0002122912,-5.1589617729,71.2406082153,0.0001987002,-0.2852542996,4.9517636299,30.6509780884,0.0762349069,0.1227239892,1.7607262135,6.1570167542,0.0493255779,0.1136517748,-0.5902013183,1.6123733521,0.0001687295,-10.6896791458,196.2726898193,0.0001328050,-2.9969940186,26.6785049438,35.2979087830,0.0720150620,0.1168092266,1.8228182793,6.8569087982,0.0462256223,0.1029071957,-0.5717257857,1.2293796539,0.0001698321,-10.3165817261,187.5218353271,0.0001366866,-2.1795506477,17.8898792267,35.8111763000,0.7834006548,0.6476131082,0.8030126691,0.7138347030,0.9835582376,0.9596561193,0.0434456244,0.0692976117,0.3652198911,1.1002149582,0.1568774879,0.1716686934,0.7381003499,-0.0824525356,0.0008631464,-1.8830682039,3.5018129349,0.0013207083,-7.9950752258,128.0639953613,-261.0892639160,0.0337880589,0.0684889331,0.4079996645,0.4941716194,0.1135528386,0.1042710021,0.5173282027,-0.1463193893,0.0014794637,-1.6427543163,6.1305770874,0.0022388385,-1.5894658566,22.5716590881,-236.0738677979,0.0339173526,0.0699697435,0.4174469113,0.4730975628,0.1247386858,0.1206635609,0.6138982773,-0.1141638756,0.0011544059,-1.7208849192,5.5668640137,0.0018251905,-2.7567865849,38.0254974365,-267.7724609375,0.6997594237,0.7149910331,0.7585245967,0.8068506718,0.9827722311,0.9779712558,0.0375763178,0.0570325106,0.3360343874,0.8002026081,0.0796989575,0.0510852300,0.0332252234,-0.2094676495,0.0002910913,0.6574870944,9.1829204559,0.0005006341,0.6721168160,8.3970823288,-112.0988998413,0.0627849549,0.0805803910,1.7263338566,5.2563819885,0.1371077746,0.0994323641,0.4652314186,-0.7367548943,0.0003697691,3.3620164394,32.9682044983,0.0005444323,3.9517610073,56.4752044678,-118.3768005371,0.0502673462,0.0665263385,1.0770481825,3.5512862206,0.1101558805,0.0729955882,0.3148802817,-0.5646991730,0.0003203274,2.0079739094,20.5588283539,0.0005061675,2.2054657936,28.3519153595,-119.1400375366,0.5274561644,0.6665174961,0.6408249140,0.7620212436,0.9659201503,0.9678287506,0.0604053847,0.0766976625,1.4242708683,4.1509351730,0.0919883773,0.0631537959,0.8220241666,1.3303775787,0.0004700238,1.8127614260,14.9463691711,0.0006687956,0.8563258052,6.1341152191,-52.2850608826,0.0960306749,0.1107310876,1.9741361141,4.6523013115,0.1463985741,0.1048987508,0.7654686570,-0.2437450886,0.0006528500,3.8460707664,30.7198181152,0.0007251817,2.7980897427,23.5801181793,-52.4498023987,0.0780521184,0.0904593840,1.8046534061,4.9807319641,0.1186675951,0.0827511176,0.8938437700,0.5825204849,0.0005711520,2.7864174843,20.7226562500,0.0006870964,1.7530620098,12.6741800308,-52.0363540649,0.6351919174,0.6275482774,0.6955048442,0.7173424959,0.9785417318,0.9716228843
data/processed/standardized_dataset/repository/goodrahstar-footprint-database-d25efc1/Dactyloscopic/Left/32-5.png,0,train,0.0368416347,0.0817063823,0.7601960897,8.9350652695,0.0465700813,0.1244920641,-0.2256596535,2.2851953506,0.0001325806,-2.7965993881,26.7648754120,0.0001532132,-3.5427269936,36.7442092896,-26.4061203003,0.0369612798,0.0825260207,0.8545189500,8.1189212799,0.0522615686,0.1452096552,-0.1521394998,2.2961893082,0.0001356191,-3.2338874340,32.6060104370,0.0001671635,-5.3520178795,70.9179000854,-41.3954505920,0.0368982628,0.0835255906,0.8468313813,8.1446380615,0.0508044250,0.1387090981,-0.2268451750,2.9316129684,0.0001352911,-3.0611858368,30.0975990295,0.0001604605,-5.0670800209,70.7577056885,-37.6878509521,0.9853813052,0.9738941789,0.9844796062,0.9842529893,0.9857833982,0.9797493219,0.0327065066,0.0602540039,0.2777306736,0.2795894146,0.1325382292,0.1785502434,0.7212129235,0.9578700066,0.0006289467,-0.7792422771,3.2931241989,0.0010969760,-8.2964677811,149.3711547852,-305.2350463867,0.0331956856,0.0606172681,0.2815433741,0.2892293930,0.1401786655,0.1813532859,0.6705993414,0.6411299706,0.0006335228,-0.8664540648,3.1941661835,0.0011080073,-8.4488773346,149.0617370605,-322.2797851562,0.0330522917,0.0606258027,0.3109315634,0.3692300320,0.1372134387,0.1777724475,0.6843126416,0.7338531017,0.0006244442,-0.9884154797,3.2557601929,0.0010959089,-8.4028129578,147.6528472900,-315.1404724121,0.9928365350,0.9964128733,0.9915799499,0.9959930778,0.9929158092,0.9964962006,0.0485440493,0.0758820027,1.2215248346,3.4615840912,0.1234733835,0.1175784096,0.5229099989,-0.3916609287,0.0002722114,1.5165283680,14.2361774445,0.0003556210,1.9438971281,18.5080184937,-154.3532867432,0.0486052297,0.0770489797,1.3151011467,3.8835525513,0.1205555350,0.1164856330,0.4902337492,-0.3948960304,0.0002691666,1.5426267385,14.5356025696,0.0003504406,1.9606300592,17.2612495422,-148.0299682617,0.0482281931,0.0763706937,1.2901663780,3.9068241119,0.1200918704,0.1126923710,0.5255257487,-0.3677792549,0.0002656435,1.5732536316,14.4701614380,0.0003513607,1.8838363886,17.4342460632,-149.0076141357,0.9906174541,0.9908403158,0.9910749793,0.9933118224,0.9919881821,0.9913920164,0.0763116702,0.1066477820,1.9542049170,4.8219819069,0.1316377223,0.1193689108,0.8751775622,0.4473676682,0.0004830610,2.1047883034,18.1803054810,0.0005723175,1.7809026241,13.6854820251,-72.5001220703,0.0764144212,0.1067357063,1.9749348164,4.9365515709,0.1328450590,0.1216263771,0.8348973393,0.4407820702,0.0004840060,2.1358008385,17.6606712341,0.0005714382,1.8665757179,14.8406105042,-73.8481521606,0.0751747638,0.1050873101,1.9659174681,5.0033893585,0.1316396594,0.1202705428,0.8934530020,0.5085070133,0.0004760859,2.1386995316,18.1363887787,0.0005736671,1.7168684006,13.6612701416,-75.1115036011,0.9900938869,0.9935265779,0.9919840097,0.9924020767,0.9914996624,0.9922184348
data/processed/standardized_dataset/repository/goodrahstar-footprint-database-d25efc1/Dactyloscopic/Left/4-1.png,0,train,0.0764447898,0.1281401962,1.7259848118,5.9188108444,0.0543927997,0.0698112696,0.1035296991,2.1516237259,0.0001836459,-8.2499647141,125.6865844727,0.0001612101,-2.1821999550,14.3033027649,28.8469505310,0.0841181725,0.1352031678,1.6286669970,4.9364662170,0.0663560703,0.0939790308,-0.2980531752,4.5393028259,0.0001771602,-9.0778493881,142.5511169434,0.0001620058,-4.9457764626,59.1214942932,21.1156539917,0.0805781931,0.1311077625,1.6888580322,5.2376928329,0.0605807826,0.0833482072,0.0316934101,2.5568542480,0.0001786424,-8.5164213181,132.6337280273,0.0001672239,-3.3600380421,22.6506462097,24.8173980713,0.9704451561,0.9028289914,0.9751340151,0.9119295478,0.9849981070,0.9374548197,0.0586625896,0.0786438957,1.4120777845,4.1245684624,0.1065537855,0.1205003485,0.8319761157,0.8281984329,0.0018854444,-2.3795514107,9.9529285431,0.0026599008,-4.5172610283,31.6544723511,-81.6383972168,0.0611740984,0.0721794888,0.7900061011,1.1886367798,0.0962233171,0.1014629453,0.8367496729,1.1021137238,0.0024997615,-1.8158394098,4.6048746109,0.0029606218,-3.2518677711,18.6516246796,-57.2942123413,0.0619202554,0.0678651556,0.3511928916,-0.2460672855,0.0973753631,0.0933657512,0.2452677339,1.0804944038,0.0019976702,-1.5660226345,2.4250349998,0.0022226502,-2.8707518578,17.0645885468,-57.2593040466,0.9572441578,0.9437516332,0.9196022153,0.9089979529,0.9803148508,0.9785379171,0.0555971004,0.0740016252,1.2980043888,3.0848989487,0.0750647709,0.0828268230,0.8382503986,0.5292026997,0.0004070564,1.0158140659,12.2491865158,0.0004299206,2.2923097610,30.6670227051,-35.0156211853,0.0735381693,0.0907330140,1.8183218241,4.4240293503,0.0943328217,0.0934327766,1.1742627621,1.5937862396,0.0004282134,2.1775915623,21.8879375458,0.0004527585,4.6978740692,69.1439132690,-28.2773590088,0.0604537465,0.0762538239,1.4525666237,3.6871519089,0.0732704327,0.0788206756,0.9725797772,1.7916674614,0.0003668440,1.3643554449,14.8221187592,0.0003858505,3.1882553101,41.9225997925,-21.2008132935,0.9296543598,0.8996928930,0.9563836455,0.9423817992,0.9849417806,0.9752521515,0.0894262791,0.1095638499,1.9325596094,4.1516633034,0.1371873617,0.1128721908,1.0851446390,0.7316470146,0.0006194310,2.2178096771,18.5042934418,0.0006886012,2.4419741631,24.2166957855,-53.4083290100,0.1119072661,0.1373294592,2.0676198006,4.0569958687,0.1697953492,0.1447578818,1.0852873325,0.4379029274,0.0006419835,3.7196404934,33.0315589905,0.0007135919,4.4528055191,52.4637794495,-51.7286186218,0.0929695070,0.1132873520,2.0347318649,4.5998716354,0.1357940435,0.1188949421,1.3003747463,1.2961044312,0.0005571498,2.6533133984,21.8898181915,0.0006159344,3.1588196754,32.6548728943,-46.0629920959,0.9346547723,0.9157340527,0.9590712190,0.9494080544,0.9879272580,0.9848889112
data/processed/standardized_dataset/repository/goodrahstar-footprint-database-d25efc1/Dactyloscopic/Left/5-2.png,0,train,0.0509215668,0.0903039947,1.2386802435,7.5101890564,0.0385842696,0.0618946329,-0.5953575969,0.5729441643,0.0002552927,-2.9393160343,27.4655132294,0.0002312330,-0.6860982180,3.7041454315,24.2280387878,0.0607054532,0.1066127047,1.3271187544,8.5862846375,0.0521537475,0.1357157081,-0.4798084795,1.5565395355,0.0001917776,-6.5032668114,84.5313262939,0.0001658570,-2.3107695580,17.4348087311,14.0872116089,0.0602333844,0.1039495394,1.9211032391,9.2768516541,0.0452710390,0.1114452034,-0.4556450248,1.3370637894,0.0002052368,-5.7005600929,71.3242111206,0.0001734833,-1.4463933706,7.7703886032,24.8406181335,0.7583970428,0.6372493505,0.8029562831,0.7332858443,0.9656887650,0.9372702241,0.0474193022,0.0713117272,0.1019535586,2.0478944778,0.1498942822,0.2125159800,0.6341907382,-0.2059183121,0.0005645012,-1.7562850714,3.2200183868,0.0010320104,-9.7008085251,165.7653961182,-216.1039428711,0.0237514637,0.0723859146,-0.0577513762,2.7151327133,0.1164689511,0.1428281516,0.3929662406,-0.4717111588,0.0006935205,0.7928129435,3.9902248383,0.0017475284,-2.3662164211,34.9869041443,-390.3653564453,0.0253226124,0.0673142970,-0.0982558951,1.2216067314,0.1237246841,0.1596896797,0.3716751933,-0.4023342133,0.0005281117,-0.1149595603,4.4377894402,0.0014292893,-3.6788012981,52.4085617065,-388.5936889648,-0.0084976330,0.6376023889,0.2633875310,0.7472788095,0.9301341176,0.9792849422,0.0368351266,0.0562407896,0.3222562671,0.6307919025,0.0801945701,0.0599908791,0.3754065931,-0.0154769421,0.0002415070,1.0546748638,9.7699918747,0.0003403062,1.2228204012,14.7298126221,-117.7122116089,0.0449119732,0.0635126531,0.9865134358,3.4392938614,0.1102171838,0.0914702266,0.7357348800,-0.1384794712,0.0002710894,2.0184590816,21.0690879822,0.0003494994,3.1085031033,45.4053077698,-145.4071350098,0.0406039059,0.0598409250,0.6485725641,2.0678300858,0.0972057581,0.0758864135,0.5563762784,-0.2374243736,0.0002525096,1.5358350277,16.4641551971,0.0003292692,2.4096961021,32.0653266907,-139.4000244141,0.5831254125,0.6557096839,0.6996556520,0.7471493483,0.9513836503,0.9581401944,0.0614975989,0.0811220258,2.4506874084,8.9217939377,0.1177447960,0.0965690389,1.0077630281,0.3434851170,0.0003624204,2.9276754856,25.9148006439,0.0004877211,1.6375719309,13.9295234680,-91.4624252319,0.0724773407,0.0956676155,2.3457255363,7.6827220917,0.1368488222,0.1155825257,0.9613059759,-0.0843386650,0.0004639728,3.2891430855,28.5103626251,0.0005376522,2.4036266804,23.3811378479,-88.8160095215,0.0658577234,0.0881218612,2.2489919662,7.7503776550,0.1276548505,0.1072039604,1.0217914581,0.1615507603,0.0004290803,2.8332417011,24.5433387756,0.0005122331,2.0039675236,17.8322906494,-93.8342895508,0.6142448187,0.6245473027,0.6820577383,0.7137708664,0.9615342617,0.9614977241
data/processed/standardized_dataset/Left/18-4.png,0,train,0.0451345146,0.1188083664,0.3608245850,7.6671981812,0.0394351073,0.0643368885,-0.1869373620,0.0993707180,0.0002415573,-5.6282825470,82.5966110229,0.0002181711,-0.6175625920,2.9377012253,12.6276025772,0.0648385212,0.1347689629,1.7161248922,7.9040985107,0.0467337072,0.1103496328,-0.3049338162,1.3204474449,0.0002332663,-10.1318740845,189.5414123535,0.0001737951,-1.6665943861,10.9103469849,27.9229278564,0.0587226450,0.1399644166,1.1746684313,8.7525453568,0.0462751538,0.1048152968,-0.3375346065,0.9041366577,0.0002212426,-9.9976243973,184.6387023926,0.0001796432,-1.1616200209,6.0390672684,21.1970882416,0.8174908161,0.6738651991,0.8337914348,0.7291510701,0.9635557532,0.9288625121,0.0535418913,0.0670532361,1.7568141222,8.6314382553,0.1178954244,0.1717723012,0.6385719776,0.6220602989,0.0005432199,-3.0622649193,21.3360271454,0.0006372667,-7.7720394135,109.1695938110,-120.1928634644,0.0477260277,0.0765509680,0.0492933467,1.3313779831,0.0945437551,0.1218792275,0.3688507676,0.3133106232,0.0009441784,1.0260481834,8.6567964554,0.0011822950,-1.6106958389,23.9669876099,-98.0968475342,0.0484527089,0.0754022151,-0.1074490622,1.0980358124,0.1038915142,0.1338768899,0.4797374308,0.3263454437,0.0007045701,0.8207948804,7.2080192566,0.0009575686,-2.8156223297,37.4036712646,-114.4183807373,0.1730688214,0.4742810130,0.2502807379,0.5704884529,0.9753614068,0.9782841206,0.0489118733,0.0673028603,1.0651929379,2.7258863449,0.0787418634,0.0732218847,1.1353809834,1.5620026588,0.0002275217,1.3087307215,9.4971342087,0.0002711452,1.2765851021,14.8771381378,-60.9872169495,0.0616588257,0.0743137226,1.4241456985,3.9910707474,0.0797926709,0.0892031193,0.8309932947,0.5174229145,0.0002648941,1.6517463923,16.7383823395,0.0003033952,1.3915655613,15.5761623383,-29.4099750519,0.0567058101,0.0722828954,1.4462052584,4.2605938911,0.0797867775,0.0696014538,0.8677981496,0.6354005337,0.0002480739,1.2156342268,13.3223762512,0.0002958018,1.2123016119,12.9111633301,-40.7030029297,0.5573356152,0.5509998798,0.5921484828,0.6469730139,0.9507283568,0.9407143593,0.0794273913,0.0986857116,2.2194612026,6.8028326035,0.1015043035,0.0834816396,1.4057987928,2.6029920578,0.0003779130,2.5730390549,20.3363151550,0.0003878867,1.8229874372,14.5292968750,-27.7950859070,0.0941797569,0.1089886948,2.3335564137,6.7608222961,0.1190073490,0.0936457440,1.3472281694,1.9095382690,0.0004597469,3.1129848957,27.6889476776,0.0004760040,1.9596570730,15.6110992432,-26.3619194031,0.0869439989,0.1049828976,2.4305381775,7.6277008057,0.1074003875,0.0809622556,1.2699613571,1.9120559692,0.0004290569,2.6203544140,22.6721248627,0.0004616828,1.3319078684,10.8732452393,-23.5282344818,0.6143152714,0.5463953018,0.6188474894,0.5928217769,0.9522870183,0.9519395828
data/processed/standardized_dataset/Left/18-5.png,0,train,0.0475473404,0.0839250237,0.1879093051,3.1333675385,0.0342616439,0.0437238589,0.1362801343,0.3679122925,0.0002410907,-3.3881397247,41.1111564636,0.0002195505,-0.3619071841,1.9524655342,27.9420394897,0.0531264432,0.1044035703,0.2818368971,3.7076401711,0.0372466929,0.0513496958,-0.3469965756,0.9910087585,0.0001904577,-6.7203240395,104.4170989990,0.0001583733,-0.5426571965,2.3529901505,29.8904819489,0.0516313054,0.1036235392,0.1689914167,3.8121190071,0.0351974182,0.0466158465,-0.2383872718,0.5244913101,0.0001940981,-6.2503089905,93.5017776489,0.0001584026,-0.5704452395,1.7270441055,31.8293075562,0.7458907366,0.6439677477,0.7890875340,0.7239655256,0.9690364599,0.9380274415,0.0641884059,0.0695615783,0.8739002943,2.8913502693,0.1162436903,0.2053449452,0.6248174310,0.6859967709,0.0005900390,-3.1525275707,21.3242473602,0.0008196438,-10.9776420593,204.7946624756,-81.0976409912,0.0494467132,0.0751906186,-0.1438501328,1.5656070709,0.1014888510,0.1408057511,0.3967446089,1.3323969841,0.0010374911,0.8566159010,7.3219347000,0.0013205191,-3.9129993916,60.5195617676,-105.2489318848,0.0527225956,0.0745350197,0.0693616048,1.4199562073,0.1053021327,0.1604926884,0.4751075208,1.1996445656,0.0008031474,0.0980781168,10.5893678665,0.0010990591,-5.4506502151,89.8099060059,-99.7286605835,0.1773664206,0.5915573239,0.2883782983,0.6784215569,0.9749727845,0.9777362943,0.0700166672,0.0794458315,1.1598857641,4.4408230782,0.0628893971,0.0602003522,0.4472067654,0.4606537819,0.0003030623,6.5684204102,100.1113433838,0.0003097107,2.2169413567,26.4452686310,10.1793909073,0.0736249834,0.0737881586,1.2114712000,3.9940280914,0.0740177780,0.0704423636,0.7174444795,1.2870788574,0.0003290101,5.6717762947,82.2282943726,0.0003135249,4.8470220566,77.5754852295,-0.5335072279,0.0730977729,0.0774004459,1.2890213728,4.3176188469,0.0691259205,0.0595865957,0.7855154276,2.0181303024,0.0003128570,6.1156620979,95.1410980225,0.0003030444,3.7607171535,53.8951454163,5.4336161613,0.6597423553,0.5624412894,0.7310895920,0.6781882048,0.9667976499,0.9341427088,0.0689822584,0.0635663345,0.5591026545,2.6742372513,0.0791882351,0.0656730086,1.7626384497,5.9219856262,0.0004152479,2.6063232422,19.9378967285,0.0004430788,2.1798691750,19.0941619873,-14.7950744629,0.0800788552,0.0693579465,1.0135728121,3.2875404358,0.0895422176,0.0735609904,2.0458352566,6.8458862305,0.0005027835,2.8282053471,23.8317184448,0.0005031050,2.5645301342,21.7154254913,-11.8175544739,0.0742630512,0.0654901192,0.7477109432,2.7699933052,0.0838196725,0.0662096366,1.6998785734,5.1205844879,0.0004702288,2.3519558907,19.8699798584,0.0004921659,2.1098320484,16.6563625336,-12.8686084747,0.6047337055,0.5304304957,0.6391697526,0.5888969302,0.9629019499,0.9553119540
data/processed/standardized_dataset/Left/19-1.png,0,test,0.0497763529,0.0783237070,0.4430242777,1.5982856750,0.0346032307,0.0467001051,-0.3524475396,0.5002760887,0.0002663155,-2.0339150429,22.1779403687,0.0002359784,-0.3729771376,1.4093608856,30.4825916290,0.0609634854,0.1074524522,0.2850062549,1.6692876816,0.0450654887,0.0838224962,-0.6367146373,2.2440938950,0.0002028323,-4.4251489639,52.6152763367,0.0001810491,-1.0352904797,6.8773612976,26.0778999329,0.0587140881,0.1044690683,0.3276363015,1.5884423256,0.0450401828,0.0733133703,-0.4951905608,1.1068940163,0.0002031818,-4.8845496178,57.8008766174,0.0001906112,-1.1499893665,4.6443800926,23.2889690399,0.7103541493,0.5920400620,0.7300036550,0.6211605668,0.9374887943,0.9193774462,0.0590252727,0.0831928924,1.1016253233,2.0002346039,0.1533775479,0.1376550347,-0.0052176854,-0.6231036186,0.0016167753,-2.7700769901,12.4942235947,0.0027543274,-5.1581230164,33.3068313599,-159.8506317139,0.0503115356,0.0775174573,0.4441021383,0.2741260529,0.1386650503,0.1094812527,-0.0395248123,-0.0282146931,0.0020085860,-0.6321071386,6.9850177765,0.0034667058,-3.0575098991,16.9873256683,-175.6128387451,0.0546790063,0.0814096704,0.5619047284,1.1951799393,0.1553676724,0.1258405000,0.0442180522,-0.6137030125,0.0014719393,-0.9910578728,13.8771476746,0.0025278977,-3.6782846451,29.4305038452,-184.1450195312,0.5654376745,0.8630979061,0.5395978093,0.8491377234,0.9606887698,0.9754588604,0.0556266308,0.0806994513,1.0325580835,3.6019830704,0.1196185425,0.0965543389,0.6383037567,-0.4939839840,0.0003951063,2.3894348145,21.6782569885,0.0005347306,2.5110800266,35.5577964783,-115.0382690430,0.0705475509,0.0907595828,1.8227969408,5.3273983002,0.1665170491,0.1489275396,0.6731455326,-0.8683304787,0.0005152842,3.5106863976,38.0066070557,0.0005749305,6.4499530792,112.6760406494,-136.0352020264,0.0589948483,0.0776295662,1.2753007412,3.9652261734,0.1304172724,0.1134687215,0.7349470258,-0.4452619553,0.0004258459,2.1004083157,21.0522270203,0.0004796731,4.0625452995,63.1734619141,-121.0655288696,0.6014062166,0.6341672540,0.6439796686,0.6983525753,0.9543582201,0.9632339478,0.0738111585,0.0942966565,2.1106781960,6.0369815826,0.1525035203,0.1302702725,0.8033080101,-0.5178203583,0.0005734154,3.4922974110,27.9239349365,0.0007179728,2.5412633419,25.6655769348,-106.6130981445,0.0894163102,0.1020989642,2.1641042233,5.5794878006,0.1856137812,0.1605180800,0.6757226586,-0.8732881546,0.0007719819,3.4982969761,29.0724067688,0.0008195419,4.0321545601,48.6866455078,-107.5838088989,0.0746317953,0.0855949819,1.8260960579,4.9841170311,0.1545383185,0.1337167472,0.7853491902,-0.4660925865,0.0006691325,2.2900257111,17.7995243073,0.0007101486,2.6157104969,27.8727951050,-107.0676651001,0.5987311602,0.5808451772,0.5950487256,0.6387122273,0.9570843577,0.9676441550
data/processed/standardized_dataset/repository/goodrahstar-footprint-database-d25efc1/Dactyloscopic/Left/5-3.png,0,train,0.0312225185,0.0660235584,0.0377198271,1.0065102577,0.0344650522,0.0550224371,-0.2872288227,-0.0303006172,0.0002015917,-1.6531987190,11.4801845551,0.0002052113,-0.4537793100,2.5879077911,-10.3852405548,0.0384925231,0.0982695147,0.5480417013,5.7714576721,0.0429895222,0.0859998614,-0.4100500643,0.7513127327,0.0001399661,-6.1558628082,99.5313339233,0.0001324614,-0.8851000667,6.5943307877,-11.6827859879,0.0285610277,0.0690297112,-0.2097668797,1.2006559372,0.0376162082,0.0669373497,-0.5167050958,0.7611119747,0.0001388318,-1.2987276316,8.1027708054,0.0001473369,-0.5945754647,3.8299341202,-31.7046737671,0.6689934731,0.7081331611,0.7537225485,0.7969304323,0.8817193508,0.9215642810,0.1453665793,0.1641194969,1.1102886200,1.9609260559,0.0807639286,0.1620314717,0.4036995173,0.9746592045,0.0009598185,-2.3471181393,67.4764480591,0.0007284050,-6.0041470528,72.9160995483,44.4412002563,0.1066846699,0.1456851363,1.2607574463,2.1206445694,0.0710662827,0.1166890487,0.3820309043,0.5402197838,0.0011141709,-2.0602977276,39.6973762512,0.0011995161,-2.3372654915,20.8058948517,33.3866043091,0.1059069559,0.1362571567,1.1119365692,1.8119845390,0.0786661580,0.1380182654,0.5702979565,0.3516912460,0.0009710693,-2.1968426704,29.6504898071,0.0009973898,-3.5384790897,34.6845130920,25.7214431763,0.8440904021,0.7503450513,0.9026213884,0.8478198647,0.9767427444,0.9766695499,0.1399041116,0.2371247858,1.4095885754,1.7424755096,0.1373009533,0.1927695423,0.1328986734,-0.0732383728,0.0005740544,5.8526492119,145.1619415283,0.0004194928,3.5034110546,95.1231842041,1.8606731892,0.1529889703,0.2046198547,1.7946038246,2.6463975906,0.1533396691,0.2190704048,0.2204802036,0.0290496349,0.0006455435,7.6293878555,155.9921112061,0.0004964459,4.8424048424,136.3757019043,-0.2292314470,0.1436196864,0.2114921659,1.6435277462,2.2436761856,0.1482088715,0.2139342427,0.1962118745,-0.0291495323,0.0005978100,6.7151932716,125.7618865967,0.0004687334,4.0283293724,114.9689941406,-3.1953732967,0.9367371798,0.8589471579,0.9577683806,0.9035952687,0.9780885577,0.9844617844,0.1449695081,0.1561630368,1.4352786541,1.2560834885,0.2210099399,0.2614073753,0.8941498399,-0.8624827862,0.0005336505,8.8551120758,132.6853790283,0.0006575302,8.5854291916,194.9937896729,-52.4527091980,0.1276682615,0.1282226443,1.4715187550,1.8198137283,0.2196415067,0.2605076730,0.8294259906,-0.9935121536,0.0005992153,5.1822896004,55.2060737610,0.0007951864,7.2936401367,169.4106903076,-72.0408096313,0.1496791840,0.1550654769,1.4857976437,1.6020698547,0.2132790238,0.2577335238,0.8451425433,-0.9632363319,0.0006534279,8.3939571381,126.4850158691,0.0007571508,6.6107587814,158.8039703369,-42.4907722473,0.8183944225,0.8724057674,0.8972265720,0.9068719149,0.9606591463,0.9848264456
data/processed/standardized_dataset/repository/goodrahstar-footprint-database-d25efc1/Dactyloscopic/Left/7-2.png,0,train,0.0393694825,0.0751933753,1.6258299351,6.1359195709,0.0386388935,0.0833485574,-0.2109441310,1.1799454689,0.0001430168,-3.8579607010,36.6388702393,0.0001399041,-1.4503216743,7.1867618561,1.8557242155,0.0388703719,0.0718509704,1.3459266424,4.6924972534,0.0414980948,0.0946678296,-0.3038982153,1.7007651329,0.0001443314,-3.6311535835,32.4444274902,0.0001449195,-1.7870413065,8.6694517136,-6.7602205276,0.0388792828,0.0732213408,1.2756161690,4.6424617767,0.0367840528,0.0790189952,-0.2453992516,1.1117305756,0.0001440019,-3.5841882229,31.6639518738,0.0001393842,-1.3113316298,4.6971507072,5.3890652657,0.9914406538,0.9603115916,0.9887593985,0.9804275632,0.9894958138,0.9812611938,0.0540544912,0.0651777908,0.1373520344,0.8725497723,0.1124207079,0.1240951717,0.2112617195,-0.4087352753,0.0019961910,-1.6257858276,2.8615922928,0.0022447950,-2.0324316025,18.7056331635,-107.9766311646,0.0550390854,0.0654710829,0.1273253560,0.8707036972,0.1163341329,0.1244610548,0.3320828676,-0.5334429741,0.0020194449,-1.6376508474,2.8197288513,0.0022660573,-2.2175946236,20.6344318390,-111.3664016724,0.0549334884,0.0656233877,0.1249644309,0.9102387428,0.1115156338,0.1238482594,0.1221936867,-0.1174092293,0.0020059806,-1.6458233595,2.7490339279,0.0022223373,-2.0703251362,18.6668815613,-103.0011901855,0.9994629622,0.9990305901,0.9988484979,0.9987027049,0.9989904165,0.9982156754,0.0541329756,0.0775628611,1.7203271389,6.2853260040,0.1619400084,0.1623423547,0.6066369414,-0.4820325375,0.0003643129,2.7113037109,30.4872055054,0.0005560880,4.4717650414,77.2278747559,-199.1522369385,0.0539783873,0.0772105306,1.7343215942,6.3696231842,0.1589501053,0.1617288589,0.6261583567,-0.4603304863,0.0003620884,2.7317020893,30.6288146973,0.0005461033,4.2608156204,70.7813034058,-194.4699096680,0.0532011241,0.0763487816,1.6718294621,6.1944007874,0.1586042345,0.1614510417,0.5848996043,-0.4722595215,0.0003600695,2.6049766541,29.3178634644,0.0005490838,4.3593907356,72.4940109253,-198.1219635010,0.9983712435,0.9955085516,0.9981489182,0.9985918403,0.9984931946,0.9969421625,0.0769937932,0.0959247798,2.3788540363,7.6204700470,0.1924633086,0.1749574691,0.6977138519,-0.6512231827,0.0005927365,3.5856664181,29.8813476562,0.0006691415,5.1545181274,67.2073745728,-149.9725036621,0.0767077357,0.0955755338,2.3852462769,7.6571979523,0.1896154881,0.1701920629,0.6691995859,-0.7189579010,0.0005902369,3.5828244686,29.9002227783,0.0006590254,4.8296737671,60.9637832642,-147.1921386719,0.0755062401,0.0943822712,2.3929996490,7.8584251404,0.1896335632,0.1703111380,0.6667031646,-0.7018733025,0.0005837075,3.5450003147,29.5152168274,0.0006586899,4.7909917831,59.7236824036,-151.1495208740,0.9984586835,0.9948147535,0.9983361959,0.9973713160,0.9987179637,0.9972885847
data/processed/standardized_dataset/repository/goodrahstar-footprint-database-d25efc1/Dactyloscopic/Left/7-3.png,0,train,0.0898132622,0.1444820762,2.3431546688,6.7932891846,0.0559406094,0.0870307311,0.0403698757,2.0600948334,0.0001961474,-16.2404899597,366.7115173340,0.0001362977,-3.6031472683,42.5370025635,37.7145347595,0.0890457481,0.1420245171,2.3518939018,6.9194564819,0.0590425022,0.1217188239,-0.1540771425,3.4235606194,0.0001951357,-16.1005306244,362.3735046387,0.0001423909,-4.6534709930,57.1513442993,33.6941909790,0.0880391598,0.1413164288,2.3314108849,6.9187850952,0.0555381104,0.1007622331,-0.0593108907,2.4439353943,0.0001947889,-16.0190544128,359.7153930664,0.0001357637,-3.0896294117,28.2249946594,36.9165840149,0.9970599413,0.9064688683,0.9961088896,0.9657528400,0.9958927035,0.9688134789,0.0393391848,0.0629857481,0.1785987020,1.1612973213,0.0578821562,0.0769324377,0.3877981007,-0.3726851940,0.0017444493,-1.7590031624,3.2621679306,0.0022524798,-0.2555336058,4.4559555054,-47.1361351013,0.0399627388,0.0633985624,0.1826396137,1.2034568787,0.0596442707,0.0762098581,0.3961483836,-0.3374485970,0.0017687129,-1.7505239248,3.1704835892,0.0022543177,-0.2696492076,4.5055618286,-49.2497062683,0.0399895869,0.0631219670,0.1834132820,1.0805206299,0.0593896359,0.0773721337,0.3647530079,-0.3483242989,0.0017484507,-1.7394727468,3.1066541672,0.0022163866,-0.3198443353,4.3320012093,-48.5127525330,0.9994475245,0.9986814857,0.9986941814,0.9983586073,0.9986938238,0.9977505803,0.0664912835,0.0978834108,2.2965700626,7.8432044983,0.1103397012,0.1255712360,0.8896132112,0.1929202080,0.0003602767,3.5344178677,41.7341270447,0.0005060760,2.7574641705,28.2641906738,-65.9461135864,0.0661945641,0.0971848741,2.2770233154,7.7765007019,0.1149815321,0.1312391907,0.7752532959,-0.2223978043,0.0003605075,3.4413282871,40.7519950867,0.0005088085,2.9005825520,28.8896217346,-73.7023773193,0.0652636141,0.0959933624,2.2477612495,7.7421627045,0.1083751470,0.1243201271,0.8642312884,0.1738228798,0.0003584219,3.3422012329,39.2071990967,0.0005003709,2.6886570454,27.5084075928,-66.0575332642,0.9989690781,0.9933687449,0.9983301759,0.9980034828,0.9985213280,0.9951114058,0.0940750092,0.1273409128,2.4695038795,6.7782497406,0.1637313515,0.1472402364,1.0097507238,0.0166790485,0.0005536891,4.9897918701,47.6685104370,0.0006217242,3.6237857342,36.4432449341,-74.0434036255,0.0937418789,0.1268599182,2.4708974361,6.7905006409,0.1727531701,0.1558003873,0.9115661383,-0.2561397552,0.0005527447,4.9449853897,47.1626091003,0.0006334229,3.8609831333,38.4315261841,-84.2860107422,0.0920736641,0.1245401502,2.4884982109,6.9975881577,0.1636057645,0.1473367661,0.9755024314,-0.0360968113,0.0005496859,4.8370828629,45.6116371155,0.0006211580,3.5884857178,35.5552825928,-77.6900787354,0.9988275170,0.9909664989,0.9980217218,0.9967452288,0.9986332655,0.9941061735
data/processed/standardized_dataset/Left/2-1.png,0,test,0.0434139147,0.0530854873,0.5730497241,2.5500307083,0.0549714789,0.0898231119,0.7830454111,3.8533210754,0.0002481216,-2.0367980003,14.6450729370,0.0002763684,-3.1323060989,42.8680763245,-26.6217975616,0.0471736901,0.0595181398,1.3545597792,6.6176795959,0.0705838203,0.1263292730,0.7840582728,2.7230510712,0.0001744141,-4.1991701126,43.6237945557,0.0002163304,-6.9234075546,104.6269989014,-49.6253967285,0.0469022505,0.0562821142,0.6365531087,3.4863042831,0.0635588244,0.1036080122,0.8337554932,3.3229217529,0.0001985413,-4.5117220879,59.0918159485,0.0002343445,-5.7082123756,80.5626678467,-35.5133781433,0.8142572045,0.7781482935,0.8365472555,0.8172300458,0.9427057505,0.9388185740,0.0570331179,0.0749674663,1.1628044844,3.1706595421,0.0986707956,0.1224545687,1.1657098532,1.2896261215,0.0016375219,-2.1164360046,7.2052860260,0.0027199511,-4.3819980621,23.9373054504,-73.0061416626,0.0504102521,0.0711299255,1.0397212505,2.1029334068,0.0868382603,0.1102139577,1.2772842646,1.7512989044,0.0019036635,-1.6482418776,7.1758537292,0.0029858700,-3.4616372585,17.0115604401,-72.2630920410,0.0549894981,0.0667616948,0.4625020325,0.8859634399,0.0917382762,0.0991962478,1.0036380291,1.3736042976,0.0014325021,-1.4443621635,5.6715660095,0.0021276870,-3.2513265610,18.4671115875,-66.8287200928,0.8988031149,0.9492566586,0.8739348054,0.9243678451,0.9665736556,0.9743616581,0.0610664338,0.0768526122,1.7727820873,5.8589954376,0.0492550060,0.0506641604,0.2666645646,0.3501446247,0.0005873316,6.3617296219,102.9300308228,0.0006100833,-0.0161244515,3.9591226578,19.3419322968,0.0740371197,0.0825330168,2.4431607723,8.7474803925,0.0624461882,0.0596935451,0.3635961711,-0.2583372593,0.0007127444,6.7912034988,101.2696990967,0.0006057054,0.5517776608,6.0514183044,15.6555681229,0.0620312169,0.0709693059,1.6345709562,5.2058019638,0.0499923714,0.0461109690,0.0842491016,0.0558619499,0.0005766054,5.2802219391,81.5222244263,0.0005308262,0.0812767595,4.2823057175,19.4077205658,0.9055081606,0.8113535643,0.9299684763,0.8766364455,0.9844298363,0.9639979601,0.0813775510,0.0909656659,2.6329517365,10.3453207016,0.0821707174,0.0606188066,0.4997044802,0.8150460720,0.0007522125,4.2447962761,51.4125137329,0.0007665565,0.8504655361,7.1285095215,-0.9746747613,0.0866077766,0.0938340724,2.4409773350,8.2942209244,0.0871692449,0.0633218437,0.7713337541,1.2077732086,0.0009519847,4.0848493576,43.0863418579,0.0008595463,1.3095698357,9.9465856552,-0.6482885480,0.0759554207,0.0827650949,2.3472995758,9.1872615814,0.0757272169,0.0563640483,0.4657065570,0.7098450661,0.0008047860,3.3627896309,38.2573280334,0.0007690270,0.7171579599,5.9834060669,0.3004444242,0.8810785413,0.8068774343,0.9141822457,0.8770893216,0.9818743467,0.9729677439
data/processed/standardized_dataset/Left/20-3.png,0,train,0.0481237210,0.0804870427,0.7627866268,3.8617506027,0.0291629210,0.0454482287,0.7259706855,5.8003520966,0.0001897993,-3.0247762203,29.9039955139,0.0001591446,-3.1014587879,38.9724006653,39.4001121521,0.0468340255,0.0792852268,0.5947251916,2.8642969131,0.0303526968,0.0448754057,0.8309153914,5.4754333496,0.0001875527,-2.5994060040,23.5187282562,0.0001610834,-2.9961256981,37.3765258789,35.1909294128,0.0443233550,0.0795764849,0.3174855113,3.0069980621,0.0294688642,0.0445960015,0.6165574193,5.4251003265,0.0001841095,-2.2518286705,18.8390274048,0.0001615796,-2.8397951126,34.2412719727,33.5139122009,0.9861463904,0.9835682511,0.9814144969,0.9839049578,0.9882562757,0.9885295033,0.0630702674,0.0883379877,-0.3113817275,4.9169759750,0.2321941257,0.2736362219,0.2791543901,-0.8295240402,0.0016521392,-1.9211295843,4.4304599762,0.0017825328,-9.6479749680,205.4526519775,-268.1514892578,0.0642648339,0.0879991576,-0.2900123596,5.0850811005,0.2255322784,0.2640378475,0.3742885292,-0.7697057724,0.0016827598,-1.8745350838,4.0674891472,0.0017905700,-9.6723470688,205.7929687500,-250.9419708252,0.0638969988,0.0886458158,-0.3146900833,4.8523631096,0.2145271450,0.2600100636,0.3887147903,-0.7350592613,0.0016855712,-1.8847178221,4.1043410301,0.0017379905,-9.1097469330,189.6284179688,-235.7389984131,0.9990172982,0.9991232157,0.9988283515,0.9985808730,0.9991753101,0.9989030361,0.0667489395,0.1014196724,1.6731042862,3.3149700165,0.3177903891,0.2430328578,0.1800454557,-1.5438154936,0.0003620956,2.8553824425,23.8267726898,0.0009223229,4.6580090523,248.5218048096,-376.0980224609,0.0686822385,0.1061751172,1.7189153433,3.2908029556,0.3055392802,0.2335181832,0.2471934557,-1.4486539364,0.0003584004,3.1278905869,26.8482646942,0.0008905509,3.1747047901,222.1491699219,-344.8592224121,0.0633348674,0.0945408568,1.6233775616,3.4521179199,0.3059821725,0.2338239402,0.2276852876,-1.4788662195,0.0003518134,2.7353651524,21.1691532135,0.0008901408,3.8652608395,227.8237152100,-383.1180419922,0.9949359894,0.9981270432,0.9924087524,0.9984464049,0.9947192073,0.9992747903,0.0812946409,0.1174309403,1.9982051849,3.9440083504,0.2856655121,0.2718203962,0.7055866718,-1.1203681231,0.0005655987,3.4394073486,25.4661827087,0.0011495001,15.2942476273,375.0994262695,-251.3952636719,0.0828070045,0.1214582473,2.0545005798,3.9968805313,0.2862149775,0.2612891495,0.7050124407,-1.0813838243,0.0005555908,3.7618253231,28.4851875305,0.0011181330,14.5269641876,349.5489196777,-245.6410217285,0.0804415792,0.1168027520,1.9958966970,3.9612731934,0.2848971188,0.2625286281,0.7049437761,-1.0870680809,0.0005554949,3.5452363491,26.0384387970,0.0011207756,14.7349643707,356.2543640137,-254.1664886475,0.9940875769,0.9986742139,0.9926733375,0.9983997941,0.9955219626,0.9990080595
data/processed/standardized_dataset/Left/20-4.png,0,test,0.0535446890,0.0668085963,-0.1528486907,1.0067138672,0.0498088151,0.0518645756,0.7290885448,3.6085529327,0.0001276745,-0.2600237727,16.5977039337,0.0001264140,-3.6478612423,46.3415641785,6.9771137238,0.0443638265,0.0707647800,0.1129969433,1.4744224548,0.0457880758,0.0552666001,0.5734609962,2.4141907692,0.0001132355,-0.9965742826,12.8131637573,0.0001201264,-2.8422741890,30.9851531982,-3.2103841305,0.0571963601,0.0737679750,-0.0245839916,1.0271372795,0.0483553670,0.0577845462,0.9583358169,4.4802856445,0.0001327732,1.2883911133,27.6483192444,0.0001244612,-3.5579195023,45.3092880249,15.4572649002,0.5795097947,0.9543436170,0.8910264373,0.9714940190,0.5373592973,0.9663713574,0.0413018689,0.0756228343,0.2693214417,2.4863910675,0.0740956888,0.0721511915,0.0974380448,-0.1719117165,0.0019466721,-1.4089547396,3.2632875443,0.0030076613,0.0830687881,7.1489868164,-79.4003295898,0.0413822904,0.0764693171,0.2704373300,2.4509925842,0.0774195865,0.0727421641,0.0968996733,-0.2137818336,0.0019701549,-1.4197894335,3.0880427361,0.0030189788,0.0378873125,7.2519197464,-87.0838623047,0.0422396250,0.0757523328,0.2558627725,2.4210205078,0.0750778019,0.0694987774,0.0986782610,-0.2266991138,0.0019698672,-1.4459328651,2.9974284172,0.0029379514,0.0345189869,6.6325798035,-77.7425842285,0.9988098145,0.9995212555,0.9985157847,0.9983163476,0.9982317090,0.9980704784,0.1254479885,0.1468638182,2.0430214405,3.3575873375,0.3518419564,0.2421914935,0.3476712406,-1.2693978548,0.0005810155,3.0797173977,72.7654876709,0.0011623201,11.4221076965,258.2480163574,-180.4683990479,0.1262511313,0.1508183032,2.0809538364,3.5128645897,0.3477931619,0.2418802381,0.3538396955,-1.2709602118,0.0005778674,2.7764785290,70.9653091431,0.0011285068,11.0671863556,248.6054840088,-175.4772644043,0.1264406443,0.1496580839,2.0596241951,3.4301443100,0.3441161215,0.2402992398,0.3623961210,-1.2592499256,0.0005759287,4.5864882469,98.2648925781,0.0011125038,11.6575412750,256.7450866699,-172.1562500000,0.9784820676,0.9994793534,0.9745357037,0.9991716146,0.9501894712,0.9992580414,0.1873454154,0.1949971169,1.9160028696,2.5296792984,0.3153060079,0.2631340027,0.4724412560,-1.4416828156,0.0010333733,8.6161584854,109.5514450073,0.0011237998,11.6506710052,207.0186767578,-68.3019638062,0.1889344454,0.2005396932,1.9239555597,2.5252785683,0.3202960789,0.2601705492,0.4496306777,-1.4574668407,0.0010267772,8.5780181885,108.9180679321,0.0011141419,11.3614234924,199.2440338135,-69.5276260376,0.1920075566,0.2003586292,1.9094935656,2.4750118256,0.3154759705,0.2567106187,0.4441165030,-1.4562990665,0.0010523846,8.8836317062,130.0549163818,0.0010936632,11.1825799942,191.4280395508,-64.3039321899,0.9820474982,0.9992672801,0.9866715074,0.9990637898,0.9688346982,0.9992277622
data/processed/standardized_dataset/Left/20-5.png,0,train,0.0507331602,0.1790887862,-0.3267142773,0.7476761341,0.0541379340,0.0933080539,-0.0739732981,1.8912248611,0.0001357265,-4.1407237053,41.7888450623,0.0001276387,-2.5326843262,26.1033420563,-6.7111406326,0.0525129549,0.2105685323,-0.3299690485,0.9562270641,0.0453261770,0.1072660834,-0.2223558575,1.1456651688,0.0001360366,-5.9223752022,76.6385650635,0.0001246349,-2.2259068489,17.7745208740,13.6857233047,0.0507173911,0.1973123699,-0.3429585993,0.8886475563,0.0457908735,0.1073330641,-0.0359302051,1.9105887413,0.0001362467,-5.0561108589,59.8763885498,0.0001257091,-2.2958345413,20.2905731201,9.7136650085,0.9685345292,0.9577383995,0.9817233086,0.9602606297,0.9902155995,0.9778029919,0.0839194283,0.1024563313,0.7871541977,1.0248484612,0.0630028620,0.0779805481,-0.1599939018,0.6313405037,0.0019300033,-1.9088870287,8.2762346268,0.0022824085,-0.9232360721,5.5678730011,24.9245815277,0.0840251744,0.1010959670,0.7451156378,0.9948468208,0.0662334040,0.0796754584,-0.1845892966,0.4180285931,0.0019533555,-1.8829833269,7.7088584900,0.0022893623,-0.9628117085,5.6764163971,21.1743335724,0.0846310854,0.1008535996,0.7649389505,0.9883458614,0.0654651448,0.0795222968,-0.2183083743,0.5189900398,0.0019515977,-1.8973275423,7.8982486725,0.0022423493,-0.9917058945,5.8301181793,22.6464557648,0.9991936088,0.9992642403,0.9985636473,0.9980244637,0.9990489483,0.9977102280,0.1216205433,0.1794664860,2.1100323200,3.9435281754,0.1302545369,0.1110642180,0.6540893912,-0.2543194294,0.0005641668,6.1435465813,139.2816314697,0.0004788619,1.4884446859,13.8284225464,-7.0991244316,0.1220383868,0.1808676720,2.0949249268,3.8725328445,0.1307394207,0.1128321812,0.6454822421,-0.2551040649,0.0005606653,6.1490788460,139.0218048096,0.0004798862,1.5311203003,14.1156501770,-7.1297516823,0.1198867857,0.1785003096,2.1203813553,4.0194168091,0.1259046495,0.1062754169,0.6475771666,-0.1392719746,0.0005547298,5.9726247787,136.5292205811,0.0004743329,1.4006065130,13.3730869293,-5.0196223259,0.9986692667,0.9966489077,0.9988286495,0.9980554581,0.9991288185,0.9969252348,0.1130565479,0.1570113301,2.1658823490,4.1259388924,0.1945730299,0.1633741558,0.5410989523,-0.8480029106,0.0006284695,5.6053552628,56.8087272644,0.0006178787,3.0796544552,29.8587303162,-72.1023941040,0.1141781956,0.1596137583,2.1701755524,4.1179623604,0.1987980753,0.1668533832,0.5212920308,-0.9100568295,0.0006261126,5.6377391815,57.6336135864,0.0006226453,3.1950430870,30.9456405640,-74.1121215820,0.1109589040,0.1556349546,2.2083597183,4.3880915642,0.1943360120,0.1634885371,0.5378003120,-0.8701682091,0.0006184234,5.6001853943,57.0773696899,0.0006193345,2.9814078808,29.0905456543,-75.1423339844,0.9969816208,0.9967225194,0.9975222349,0.9974949956,0.9984132051,0.9968997836
data/processed/standardized_dataset/Left/21-1.png,0,train,0.0349824876,0.0528283305,0.0848818719,0.0995881557,0.0600774363,0.0527888201,1.0172044039,4.1348061562,0.0001738477,-1.2252243757,3.9531764984,0.0002240650,-4.7154879570,72.8020477295,-71.7357482910,0.0365942270,0.0527907275,0.2406230569,0.4959995747,0.0578242466,0.0532523841,0.9098756909,3.2589921951,0.0001466812,-1.5818587542,10.5770206451,0.0001812854,-4.8426694870,69.0390243530,-58.0146675110,0.0331992470,0.0533631630,0.2098010033,0.3240823746,0.0628813431,0.0574182570,0.7255535126,3.0212812424,0.0001437107,-1.0758755207,3.7144432068,0.0002095216,-5.4801735878,79.4889678955,-89.4059295654,0.8635616302,0.8982896209,0.8741278648,0.8992919922,0.9097097516,0.9564036131,0.1000979096,0.0809943825,-0.1388640106,0.0779633522,0.1692339033,0.1614994556,0.1499190629,-0.3616185188,0.0024665187,-1.4842422009,2.8824739456,0.0030918375,-6.4515881538,65.6936340332,-69.0683670044,0.0968059897,0.0836378038,-0.0810205340,-0.2285773754,0.1583014727,0.1508604139,0.1233616397,-0.1559641361,0.0033522467,-1.4425489902,1.4346876144,0.0033926517,-5.0776839256,48.9048576355,-63.5244598389,0.1018544585,0.0885221139,-0.0509984083,-0.1892943382,0.1737128943,0.1652018279,0.0754301324,0.5336608887,0.0028521386,-1.3905264139,1.5413827896,0.0025789463,-5.4408683777,70.2602157593,-70.5501098633,0.9686647654,0.9546260238,0.9392586350,0.9129405618,0.9815222621,0.9664617777,0.0758867264,0.0755885616,1.8250401020,5.1555843353,0.3707801700,0.2770991921,0.2466633618,-1.4584878683,0.0005801285,3.8409976959,100.8348617554,0.0011361443,16.5917892456,342.9209899902,-388.5968627930,0.0955825076,0.0894635692,2.2849860191,6.4185533524,0.3871966004,0.2856020033,0.2344327569,-1.4822456837,0.0007395464,5.3016839027,123.2676315308,0.0012929938,17.7786617279,388.7166442871,-305.0914916992,0.0820329785,0.0773748234,2.1304898262,7.2303524017,0.3423590660,0.2622856498,0.4912727177,-1.0562802553,0.0005872495,4.4699587822,94.0988159180,0.0010709624,16.7632369995,347.6636962891,-317.3432006836,0.9506733418,0.9698728323,0.9519286752,0.9817345738,0.9792785645,0.9875837564,0.0832651258,0.1002191082,2.2143697739,6.2367105484,0.1614294648,0.1405607015,1.1085772514,0.7449359894,0.0007576912,4.6162343025,47.1885871887,0.0007641542,2.8728501797,36.1107025146,-93.8740386963,0.0917977542,0.0958730951,2.2138578892,5.9091300964,0.1816778332,0.1617000550,1.0462690592,0.4549329281,0.0009199845,4.6711778641,42.1461334229,0.0008381167,3.6600000858,49.5150032043,-97.9109802246,0.0824496597,0.0835230276,1.8451505899,5.0275955200,0.1523050368,0.1404559165,1.2657303810,1.1360869408,0.0008062989,4.4776773453,47.3912010193,0.0007292652,3.3735525608,42.7667465210,-84.7248840332,0.9332795143,0.8908005357,0.9370181561,0.9157704711,0.9721117616,0.9837372303
data/processed/standardized_dataset/Left/22-2.png,0,train,0.0686093196,0.1380096227,1.7943218946,8.4870948792,0.0689719766,0.1519580185,-0.0529645048,0.9341514111,0.0001811949,-13.2770776749,276.0263366699,0.0001566026,-2.5784964561,17.3494815826,-0.5285827518,0.0768536478,0.1398131102,2.3373417854,8.5262899399,0.0592019185,0.1353714913,-0.3329825401,1.2516045570,0.0001908341,-13.9930524826,296.6906738281,0.0001517592,-2.1564974785,12.7395324707,22.9679775238,0.0719514415,0.1436095089,1.8831590414,8.3723573685,0.0643038526,0.1439954937,-0.2875044048,1.1109843254,0.0001859009,-13.8630065918,293.9113464355,0.0001534978,-2.3362991810,15.1304550171,10.6288194656,0.9940761924,0.9881353974,0.9943681359,0.9883038402,0.9954985380,0.9922609925,0.0441145226,0.0625129864,0.3685131967,0.3805389404,0.1122987196,0.1213339865,0.4122231603,-0.1272928715,0.0009395411,-1.7112506628,3.6943674088,0.0012396418,-2.5627775192,21.5692691803,-154.5617980957,0.0451174974,0.0631838441,0.3723866642,0.3636841774,0.1190176010,0.1316436380,0.3977194726,-0.2339899540,0.0009516175,-1.7518588305,3.6380677223,0.0012614187,-2.9842803478,26.9640693665,-163.7947692871,0.0454819277,0.0629726946,0.3795807660,0.3751192093,0.1171770766,0.1249292120,0.4319443703,-0.2319226265,0.0009481657,-1.7314537764,3.4482822418,0.0012309495,-2.8160676956,23.9076366425,-157.6343688965,0.9982286692,0.9980118275,0.9967887402,0.9974827170,0.9977512956,0.9976518750,0.0590003058,0.0841334462,1.5391479731,4.4946231842,0.1063656211,0.0862238184,0.8508894444,0.3909847736,0.0002718752,1.7278999090,16.5799045563,0.0003307911,2.8440010548,36.3166236877,-80.2797775269,0.0587564781,0.0842368379,1.5371497869,4.5122847557,0.1047128886,0.0849437863,0.8381705880,0.3748154640,0.0002694180,1.7180153131,16.6210384369,0.0003295612,2.5947794914,32.3012962341,-78.2150497437,0.0582866669,0.0835008398,1.4883641005,4.4112553596,0.1023576483,0.0821700692,0.8412665725,0.4451692104,0.0002690286,1.6708914042,16.1338806152,0.0003289270,2.6567058563,33.2599029541,-75.6107406616,0.9960676432,0.9959748387,0.9958817959,0.9969410896,0.9977306128,0.9955853820,0.0919522047,0.1187725067,1.9321591854,4.4747052193,0.1546260864,0.1275167614,0.8907205462,-0.2567555904,0.0004432127,3.2305598259,26.1218605042,0.0004820141,2.5410509109,20.7512550354,-68.1591949463,0.0915199816,0.1186008155,1.9173187017,4.4528946877,0.1536442488,0.1264898479,0.8663032055,-0.3421900272,0.0004404376,3.2087152004,26.1789741516,0.0004794775,2.4605164528,19.7835903168,-67.8805465698,0.0901668668,0.1171737388,1.9149448872,4.5437116623,0.1526628882,0.1263345182,0.9016128182,-0.2560191154,0.0004379571,3.1777336597,25.8253765106,0.0004802355,2.4876616001,20.4661922455,-69.3115158081,0.9965393543,0.9961059093,0.9956395626,0.9961504936,0.9977742434,0.9960404634
data/processed/standardized_dataset/repository/goodrahstar-footprint-database-d25efc1/Dactyloscopic/Left/7-4.png,0,train,0.0441399664,0.0893819109,2.1037929058,8.7021951675,0.0528218001,0.0923220441,0.1866028756,2.1532535553,0.0001332073,-5.4720330238,72.1898117065,0.0001331379,-2.3823642731,18.8819923401,-19.6688728333,0.0486947298,0.1013557836,2.6366536617,10.1742372513,0.0579749085,0.1157294214,-0.1275214851,2.2783222198,0.0001415491,-6.9353809357,105.3644180298,0.0001396976,-3.2939517498,33.7729339600,-19.0578708649,0.0479007363,0.0996227041,2.5830373764,10.1375465393,0.0549318641,0.0989711434,0.0465797596,2.5354866982,0.0001384380,-6.7354998589,101.1049118042,0.0001331559,-2.6026554108,23.2293777466,-14.6785383224,0.9896146655,0.9736518264,0.9878402352,0.9868385196,0.9894068241,0.9725971818,0.0422699302,0.0634768605,0.2201572210,0.3676736355,0.0664662942,0.0888593942,-0.2686323225,0.1059494019,0.0016513844,-1.5628690720,3.1762919426,0.0020881444,-0.4358067811,6.1629028320,-57.2424964905,0.0429529920,0.0636498183,0.2277789712,0.3818225861,0.0712933987,0.0941145346,-0.2417072207,-0.0295174122,0.0016669123,-1.5961385965,3.1694364548,0.0020940455,-0.5612797737,6.9216270447,-65.9800491333,0.0428961776,0.0635593235,0.2329409420,0.4242119789,0.0685357302,0.0938279778,-0.3374544680,0.1199765205,0.0016457738,-1.6223707199,3.1186008453,0.0020658751,-0.5228903890,6.5795879364,-59.7711830139,0.9987964630,0.9987267256,0.9974259138,0.9978624582,0.9979050159,0.9972895384,0.0532316715,0.0781722367,1.9788734913,7.5144233704,0.1216989607,0.1063892990,0.4586752951,-1.0013722181,0.0003917171,2.4902555943,31.5256576538,0.0005002333,1.9429832697,18.2811450958,-128.6213378906,0.0530839562,0.0777265131,1.9651432037,7.4711561203,0.1215209961,0.1071212813,0.4950319827,-0.8984496593,0.0003910754,2.4545645714,30.9957199097,0.0005000372,1.9735015631,17.7676830292,-128.9222717285,0.0521868393,0.0769078359,1.9285064936,7.3733043671,0.1148879528,0.0973752290,0.4792205393,-0.9278845787,0.0003863923,2.3805568218,30.2441024780,0.0004909065,1.8253564835,16.9816226959,-120.1473693848,0.9979507923,0.9960267544,0.9976779222,0.9972436428,0.9975924492,0.9945874810,0.0760812461,0.1013990864,2.5043063164,7.7921276093,0.1660554558,0.1509701014,0.8477247357,-0.4729685783,0.0006013824,3.9420926571,36.1534538269,0.0006670231,2.7838144302,24.7225608826,-118.2606964111,0.0758719593,0.1010952890,2.4865486622,7.7139339447,0.1696966141,0.1559977382,0.8114641905,-0.5149991512,0.0006001362,3.8882701397,35.6512680054,0.0006698132,2.9391381741,26.3171195984,-123.6618347168,0.0742460489,0.0993831456,2.5018894672,7.9643001556,0.1643144637,0.1508218497,0.8368310332,-0.4487519264,0.0005923423,3.8496303558,35.1553649902,0.0006598235,2.7273106575,24.0368404388,-121.3107147217,0.9976444244,0.9966191053,0.9976196289,0.9972085357,0.9973515868,0.9956175089
data/processed/standardized_dataset/repository/goodrahstar-footprint-database-d25efc1/Dactyloscopic/Left/8-1.png,0,test,0.0230946392,0.0569761433,-0.0391976945,-0.0296761990,0.0404253714,0.0592885874,-0.3053902686,0.9058823586,0.0001056589,-0.9917012453,2.4971675873,0.0001293687,-1.0235573053,3.1064138412,-75.0422286987,0.0229573697,0.0570425838,-0.0249008946,-0.0164492130,0.0409150831,0.0614591762,0.0495795123,0.5366437435,0.0000998275,-0.9865828156,2.5485434532,0.0001226499,-1.1944041252,3.3610782623,-78.2220001221,0.0211640131,0.0570258982,-0.0402382314,0.4058482647,0.0374646969,0.0541457795,-0.1583319604,0.2433407307,0.0001505928,-0.7901253700,3.7580041885,0.0001988821,-1.0250422955,3.7693748474,-77.0207595825,0.9506630898,0.9340743423,0.7084810138,0.6780630350,0.6821857095,0.6516122222,0.0474777147,0.0826966539,1.6467273235,4.7759127617,0.1993106902,0.1908100098,0.9854815006,-0.0920472145,0.0012911825,-2.2686285973,7.8883972168,0.0026495010,-9.2638425827,142.8817443848,-319.7984008789,0.0468099043,0.0806155056,1.5465162992,4.2197785378,0.1870511919,0.1805845201,0.9205879569,-0.1766757965,0.0014150459,-2.1500518322,6.9787302017,0.0026656380,-7.8982882500,109.6907806396,-299.5974731445,0.0576835126,0.0717768893,0.6071227193,2.7730293274,0.2458015382,0.2699645162,1.1574562788,-0.1252949238,0.0007016984,-1.6840626001,2.7659611702,0.0018580377,-18.4417362213,448.4542236328,-326.1209716797,0.9907037616,0.9939289093,0.8530906439,0.8946054578,0.8281367421,0.8576186895,0.0954370052,0.1193938479,1.5507410765,2.1377177238,0.1299353838,0.1332968473,0.4615615606,-1.0394903421,0.0002888299,2.0669589043,17.4660720825,0.0003742371,1.1992130280,20.1052513123,-36.1478004456,0.1061105728,0.1306745261,1.5420203209,1.9038791656,0.1452368647,0.1362912804,0.6950941682,-0.3367824554,0.0003021732,2.5776789188,22.2865428925,0.0004000179,-0.6356744766,37.7770042419,-36.8731307983,0.0691490918,0.0923831910,1.2084386349,1.6837787628,0.1059942320,0.1066518947,0.6700420380,-0.1074719429,0.0002568756,1.1297774315,10.1543197632,0.0003131656,-0.3729983270,24.7599372864,-53.2836227417,0.9802669287,0.9577255845,0.8131111860,0.8493099809,0.7882857323,0.8342627883,0.1444016397,0.1733823270,1.4297822714,0.9555160999,0.0969296545,0.0965119973,0.9102180600,0.7270662785,0.0004842746,3.0227134228,25.1306114197,0.0005673089,1.9795103073,22.5393562317,32.8749618530,0.1582191288,0.1870981008,1.3656219244,0.6577672958,0.0847129896,0.0910031870,0.3935461640,0.2266452312,0.0005106195,3.5396192074,30.4226455688,0.0005864507,1.7643500566,20.6178169250,46.4584388733,0.1161070690,0.1410195231,1.3646185398,1.2056303024,0.0746814460,0.0909538195,0.7439629436,0.9696123600,0.0004213229,1.5125281811,15.4670906067,0.0004712495,1.3217154741,22.1984825134,35.6788139343,0.9855691195,0.9746501446,0.8023722172,0.8556106687,0.7839307785,0.8292384148
data/processed/standardized_dataset/repository/goodrahstar-footprint-database-d25efc1/Dactyloscopic/Left/9-2.png,0,test,0.0409974083,0.0738448203,1.6848465204,6.7857723236,0.0587595366,0.0967433006,0.2610875964,2.3708267212,0.0001266852,-3.6305994987,36.3098869324,0.0001415993,-3.9303297997,37.5404853821,-43.3250045776,0.0413936153,0.0693815872,1.4199669361,5.2972850800,0.0583714843,0.1036463752,-0.1408950239,3.3534584045,0.0001285016,-3.4002292156,32.2542419434,0.0001411199,-4.2001328468,46.3661384583,-41.0156707764,0.0421444848,0.0713855103,1.6752839088,6.4307384491,0.0610900484,0.1008744165,0.0860809609,2.4146919250,0.0001293451,-3.6560075283,35.5504074097,0.0001445763,-4.1188659668,40.3242111206,-44.9538383484,0.9898665547,0.9734505415,0.9880487323,0.9881539941,0.9897451401,0.9827456474,0.0367453247,0.0672522262,0.7981328368,1.2264285088,0.0690907538,0.0974672064,0.2278026491,-0.1370608807,0.0015139669,-1.2699745893,5.2342071533,0.0018702099,-1.4482511282,10.9345493317,-88.0259704590,0.0379375033,0.0675989613,0.7726182342,1.0788078308,0.0707073137,0.0920028239,0.3281010091,-0.0762190819,0.0015328414,-1.3127624989,4.9074573517,0.0018670134,-1.4539824724,10.6390371323,-86.3784027100,0.0379503593,0.0674504116,0.7329943776,0.9834957123,0.0687880069,0.0935440436,0.2974308431,-0.0450143814,0.0015204278,-1.3305323124,4.7235212326,0.0018456713,-1.5186342001,11.0205087662,-81.2578506470,0.9985475540,0.9975283146,0.9978380799,0.9974732995,0.9987021089,0.9972897768,0.0580786578,0.0825484097,1.8497020006,6.1910972595,0.0898699164,0.1014692262,-0.2040818036,-0.4118003845,0.0003142204,2.4420881271,26.9739437103,0.0004387323,1.1251348257,8.9619073868,-54.7382812500,0.0578307062,0.0820134431,1.8385559320,6.1059188843,0.0947976857,0.1073373631,-0.0809906647,-0.2998161316,0.0003137199,2.3831846714,26.3028697968,0.0004431114,1.3483543396,11.4592275620,-63.9227523804,0.0566445179,0.0803879872,1.7759599686,5.7791299820,0.0868189037,0.0971961766,-0.2338668555,-0.3185572624,0.0003102213,2.3344099522,25.5877609253,0.0004350733,1.0547351837,8.3763237000,-53.2697372437,0.9964226484,0.9928605556,0.9952044487,0.9965782166,0.9954829216,0.9948916435,0.0859972388,0.1105190367,1.8941531181,4.4077005386,0.1565775126,0.1273104548,0.9312657118,0.1281671524,0.0005423093,3.2690794468,25.7227954865,0.0006139721,2.3114314079,20.2555122375,-82.0727233887,0.0857456625,0.1102468148,1.8795604706,4.3244600296,0.1620745212,0.1330454797,0.8395880461,-0.0001590252,0.0005408523,3.2068302631,25.4034099579,0.0006222507,2.4639708996,21.7186946869,-89.0177459717,0.0839444846,0.1078752801,1.8596476316,4.3180589676,0.1553879529,0.1265519708,0.9018400908,0.1760752201,0.0005358533,3.1537332535,24.9245357513,0.0006128952,2.2919309139,19.8580665588,-85.1079940796,0.9961766005,0.9937884808,0.9954637885,0.9954665899,0.9963020682,0.9950127602
data/processed/standardized_dataset/Left/22-4.png,0,train,0.0442989022,0.1085028201,-0.0157954488,0.3097941875,0.0698738322,0.1492702216,-0.1125083119,1.2523279190,0.0001221228,-1.7203742266,8.6852655411,0.0001474740,-2.4771797657,21.3467369080,-57.7326507568,0.0442924164,0.1088661924,-0.0386318937,0.3552868366,0.0700549558,0.1622874141,-0.2999190986,0.9429621696,0.0001243960,-1.6482629776,8.5916690826,0.0001492028,-2.6954526901,23.7774696350,-58.1646728516,0.0441248044,0.1053201780,-0.0262693465,0.3504846096,0.0673572421,0.1454447210,-0.2867663801,1.1412954330,0.0001232128,-1.5141865015,7.7384262085,0.0001471464,-2.2590427399,18.7877025604,-52.6516494751,0.9849461913,0.9794046879,0.9824521542,0.9855912924,0.9901086688,0.9858099222,0.0807696283,0.0987263545,1.2676023245,2.7106056213,0.0754986778,0.1099868566,-0.0271293893,1.1367216110,0.0013103993,-2.8879687786,19.9476604462,0.0012542552,-1.2601366043,15.9589691162,6.5259065628,0.0811772346,0.0979514048,1.1797235012,2.4120535851,0.0775593519,0.1125039011,-0.1019767746,0.8864173889,0.0013291118,-2.8098049164,18.4703330994,0.0012530078,-1.3183157444,15.7565231323,4.4567699432,0.0817414820,0.0983701944,1.2075707912,2.4435148239,0.0779152066,0.1124453396,-0.0027669775,0.8944582939,0.0013269013,-2.8620536327,18.8315887451,0.0012347583,-1.4582830667,16.6089076996,4.6809468269,0.9985313416,0.9974849820,0.9975809455,0.9962113500,0.9984688163,0.9961284995,0.0932010710,0.1377016008,2.2218341827,7.8336219788,0.0951239243,0.0908958763,0.7528878450,-0.0140001774,0.0004448133,6.7265815735,139.8037567139,0.0003257761,1.2103403807,8.9669952393,-2.0631237030,0.0931916609,0.1377452612,2.2271511555,7.8335933685,0.0942310616,0.0943386331,0.7770881057,0.1239817142,0.0004430353,6.6422739029,138.9475402832,0.0003233710,1.2527544498,9.1012744904,-1.1153365374,0.0921348408,0.1371901333,2.2204551697,7.9504985809,0.0900350660,0.0833919570,0.7562041879,0.0565481186,0.0004392604,6.5539193153,137.7270355225,0.0003231329,1.1348919868,8.1563873291,2.2790236473,0.9983548522,0.9916995168,0.9977351427,0.9936487675,0.9984384179,0.9917352796,0.1033856571,0.1326716393,1.6672073603,3.3308963776,0.1348782629,0.1189348698,1.0165672302,0.0757343769,0.0005642951,4.4328231812,43.2153511047,0.0005035343,2.0540463924,13.9066810608,-30.4612903595,0.1028683931,0.1325894743,1.6713764668,3.3733148575,0.1391021460,0.1241784021,0.9789006114,-0.0394561291,0.0005609338,4.4504718781,43.3664321899,0.0005036565,2.1713316441,15.2566165924,-35.2234077454,0.1013325304,0.1317291111,1.6810698509,3.4742360115,0.1342186183,0.1188491881,1.0215291977,0.0752704144,0.0005564057,4.4198336601,43.1148071289,0.0005024558,1.9855902195,13.2050457001,-32.4536323547,0.9968105555,0.9931131601,0.9961143732,0.9934338331,0.9972264767,0.9937763214
data/processed/standardized_dataset/Left/22-5.png,0,train,0.0544215329,0.1961395293,-0.0490067378,1.7464103699,0.0739877075,0.1390595734,0.1155455187,0.8517823219,0.0001410651,-8.7489213943,148.9522399902,0.0001435686,-2.5559740067,21.2991352081,-35.9530029297,0.0532751977,0.1910140961,-0.0584231094,1.8236532211,0.0841442794,0.1764834523,-0.1161302328,0.5858657360,0.0001389767,-8.2225484848,135.8250885010,0.0001476100,-3.8658585548,40.6715202332,-57.9426879883,0.0540589988,0.1914327741,-0.0363125838,1.8050360680,0.0804228634,0.1576721966,-0.0732675567,0.6411781311,0.0001405741,-8.4864320755,142.8127746582,0.0001455751,-2.9652230740,26.8777637482,-48.7686882019,0.9925665855,0.9592832923,0.9907543659,0.9787687659,0.9916346669,0.9798271656,0.0522988774,0.0764371529,0.4213015437,0.4335672855,0.0474848598,0.0791490972,-0.1587343812,0.4678704739,0.0013585415,-2.6155641079,11.1098690033,0.0014430039,-0.4082358181,3.9313154221,9.2048196793,0.0528766848,0.0765371099,0.4082660973,0.4126317501,0.0511181876,0.0807583481,-0.1799755692,0.3334503174,0.0013733796,-2.6375508308,11.0053195953,0.0014384874,-0.4384960830,3.8417005539,3.3256571293,0.0528095849,0.0763385668,0.4206615984,0.3791656494,0.0481843688,0.0837620348,-0.3064621687,0.4422776699,0.0013691882,-2.6338858604,10.7600908279,0.0014251992,-0.4620781541,3.9493789673,8.7582893372,0.9986082315,0.9976240993,0.9972185493,0.9960158467,0.9974427819,0.9957057834,0.1114475280,0.1674365997,2.7942957878,7.9849205017,0.1139229387,0.1085788161,1.0784770250,0.3644807339,0.0005417282,13.5969181061,284.2168579102,0.0003721497,1.8412231207,14.3667602539,-2.2211444378,0.1111437231,0.1674649417,2.8038513660,8.0335655212,0.1152842492,0.1120484844,1.0655379295,0.2437849045,0.0005384700,13.6831359863,286.4611511230,0.0003720539,1.9641852379,15.5873031616,-3.7253799438,0.1103724912,0.1662393808,2.7943010330,7.9970092773,0.1062960327,0.1000075042,1.1523954868,0.9193913937,0.0005354292,13.5037317276,281.6555175781,0.0003641238,1.7318911552,13.5764217377,3.6933646202,0.9987880588,0.9939616323,0.9988083839,0.9946342707,0.9988310933,0.9928230047,0.1112567037,0.1433749199,1.8809158802,3.4332132339,0.1435356140,0.1223255917,1.0654067993,0.2688536644,0.0006176842,4.9015731812,51.5973739624,0.0005620930,2.4081082344,19.2923984528,-29.0130023956,0.1107950956,0.1428490579,1.8806856871,3.4332575798,0.1435801387,0.1244841143,1.0046670437,0.0837602615,0.0006166457,4.8742780685,51.0201492310,0.0005622210,2.4394621849,19.4734230042,-29.5906982422,0.1087567359,0.1401249766,1.8750977516,3.5355749130,0.1422400624,0.1233578771,1.0404303074,0.1532390118,0.0006133084,4.7897038460,50.1959800720,0.0005560582,2.3308565617,18.3027973175,-30.7873592377,0.9975164533,0.9945221543,0.9976996183,0.9954937100,0.9977980256,0.9948593378
data/processed/standardized_dataset/Left/23-1.png,0,test,0.0485533625,0.0845998824,0.8914562464,3.7031035423,0.0450019054,0.0513271876,0.0647325814,0.8138144016,0.0002354640,-2.6639871597,25.8028144836,0.0002289473,-0.7119275331,4.4363322258,7.3145442009,0.0664827302,0.1555617750,0.6562780738,3.1556386948,0.0591870211,0.0775322095,0.1296760291,2.6372842789,0.0001771318,-10.7178468704,196.2062530518,0.0001686870,-3.0645203590,25.2415561676,10.9738407135,0.0579777882,0.1320276409,0.9863520861,4.2092733383,0.0569310933,0.0728123933,0.0822141096,1.7069034576,0.0001732573,-8.2977848053,139.8699035645,0.0001876092,-2.3395073414,14.1102657318,1.8053376675,0.6948444247,0.6614494920,0.7439171672,0.6991903782,0.9572941065,0.9294105768,0.0474903509,0.0823555216,1.4682438374,3.5139174461,0.1188274547,0.1289047152,0.6043298244,0.3081998825,0.0015611969,-2.7580056190,12.6098594666,0.0026434157,-4.7094836235,26.6701736450,-150.2138977051,0.0335902087,0.0757074505,1.4002161026,3.1564674377,0.1069439128,0.1106370166,0.7169618011,0.6167807579,0.0015644503,-2.1439988613,9.6775150299,0.0030141757,-3.4239847660,16.9775123596,-218.3782348633,0.0361981317,0.0695074946,0.7397544980,1.0500421524,0.1122922674,0.1123897508,0.5012985468,-0.1223776340,0.0011085965,-1.8918031454,7.8135261536,0.0021600248,-3.7730739117,26.7823886871,-210.2156372070,0.7615720630,0.9053339362,0.7514497042,0.8914871216,0.9448466897,0.9790383577,0.0441729240,0.0605504662,0.8229249120,3.7216672897,0.0547901243,0.0664478838,0.4237807989,0.2457041740,0.0003768263,1.6170965433,11.2714862823,0.0004710224,1.1209149361,12.8206434250,-24.0355396271,0.0545076355,0.0694906414,1.8295434713,7.2192897797,0.0715947226,0.0702289715,0.9286572337,1.6022672653,0.0004196125,2.6395254135,25.2417297363,0.0005323236,2.5935823917,32.1460762024,-31.3480606079,0.0458328947,0.0632885098,1.1123011112,4.7400879860,0.0548586920,0.0678296089,0.5647990108,0.7283446789,0.0003534414,1.9696426392,16.5467300415,0.0004486649,1.5313085318,16.6768512726,-19.6928367615,0.6811205745,0.6429064870,0.7583241463,0.7170779109,0.9642459154,0.9636859298,0.0692450851,0.0835365355,2.2917289734,9.1877422333,0.1087497249,0.0835942775,1.1519193649,1.7386970520,0.0005693773,2.7945013046,19.3536167145,0.0006453668,1.9784406424,19.7698211670,-57.0504608154,0.0804688036,0.0959286690,2.4233450890,7.8874263763,0.1331662238,0.1101540700,1.1716537476,1.4879355431,0.0006941265,3.3097276688,25.0914783478,0.0007728487,3.1573369503,33.7682609558,-65.4880142212,0.0680948198,0.0806728378,2.1531708241,8.1509084702,0.1057528332,0.0837227255,1.2025729418,2.0399351120,0.0005813221,2.5464780331,17.1022090912,0.0006596726,1.9810034037,18.4315376282,-55.3023185730,0.7071533203,0.6689490676,0.7587820292,0.7300076485,0.9707561135,0.9718425274
data/processed/standardized_dataset/repository/goodrahstar-footprint-database-d25efc1/Dactyloscopic/Left/9-3.png,0,train,0.0804916769,0.1370746940,2.2010381222,7.0639572144,0.0509723574,0.1073150486,-0.2403535545,1.6526684761,0.0001798329,-12.6562452316,247.4922943115,0.0001279113,-2.8098905087,23.9022693634,36.6737556458,0.0817134678,0.1360634118,2.2671115398,7.1224193573,0.0585108548,0.1346737593,-0.2887931168,1.2517452240,0.0001788986,-12.7763462067,251.9158630371,0.0001397150,-4.6920518875,53.6650009155,28.3950901031,0.0836487859,0.1392531991,2.2786583900,6.8855857849,0.0519744866,0.1285609305,-0.3766892850,1.0382962227,0.0001809388,-13.0179405212,258.0663757324,0.0001307986,-3.0963656902,27.6047172546,37.8658218384,0.9949714541,0.9505769610,0.9938139319,0.9699876904,0.9942904115,0.9817388058,0.0360468328,0.0781582445,0.4782755971,1.4790344238,0.0621108897,0.0778600797,0.3197037578,0.2865743637,0.0017682405,-1.6687961817,5.2966346741,0.0026001371,-0.9019958377,7.6091556549,-72.3060913086,0.0369623788,0.0787874684,0.4867564440,1.4660487175,0.0657508150,0.0778017268,0.2117140740,0.3159453869,0.0017914803,-1.6852225065,5.1716890335,0.0026013614,-0.9425143600,7.5906505585,-77.8857803345,0.0370147526,0.0785086751,0.4749968648,1.4927682877,0.0632346347,0.0772001147,0.2970269620,0.4855356216,0.0017794609,-1.7266077995,5.0556259155,0.0025713523,-0.9696364999,7.5725135803,-70.8363037109,0.9988741875,0.9990109205,0.9975729585,0.9983393550,0.9979850054,0.9980269074,0.0711729303,0.1017216220,2.1427578926,6.3561687469,0.1241226941,0.1476719677,0.0758812875,-0.6658086777,0.0003974009,3.0386407375,35.3723716736,0.0005441959,2.3952887058,25.6037368774,-74.3959274292,0.0708918869,0.1012879908,2.1481354237,6.3924713135,0.1288595498,0.1545213461,0.1075173691,-0.6331760883,0.0003957838,3.0923039913,35.2300720215,0.0005570403,2.3208839893,29.4066390991,-81.7691040039,0.0694318339,0.0995021164,2.1450917721,6.5179033279,0.1227586791,0.1383866221,0.1193873063,-0.7128024101,0.0003912180,2.9697358608,33.9011955261,0.0005345561,2.4843115807,23.9912414551,-76.8046035767,0.9971983433,0.9966014028,0.9966724515,0.9971573949,0.9971033931,0.9952549934,0.1046592891,0.1393397748,2.2526726723,5.1732330322,0.1878150851,0.1570840627,0.5496011376,-0.1001441479,0.0006028709,4.3890295029,41.9414558411,0.0006951828,3.6068468094,32.5019035339,-79.4538116455,0.1041769534,0.1382224560,2.2528636456,5.1860198975,0.1931080818,0.1589205265,0.4746494889,-0.3662600517,0.0006026527,4.3622565269,41.0874214172,0.0007021353,3.6434140205,31.9885520935,-85.3654556274,0.1019962877,0.1360833943,2.2662315369,5.3497762680,0.1879899055,0.1562805325,0.5433964133,-0.2038478851,0.0005946761,4.2626204491,40.1451873779,0.0006956303,3.4851143360,30.8031616211,-84.3105392456,0.9970569015,0.9955961704,0.9965309501,0.9968302846,0.9971289635,0.9971110821
data/processed/standardized_dataset/repository/goodrahstar-footprint-database-d25efc1/Dactyloscopic/Left/9-5.png,0,train,0.0848254710,0.1473818868,1.9590988159,5.5132179260,0.0503941029,0.0830200016,0.1329684705,1.9476528168,0.0001831932,-12.9005517960,255.5982055664,0.0001245779,-3.0311987400,29.4134674072,40.5908355713,0.0852106363,0.1440361291,2.1500487328,5.6535434723,0.0549520403,0.1173875034,-0.0755070895,1.1305441856,0.0001791879,-12.8953847885,255.3826293945,0.0001276505,-2.5796728134,16.2426052094,35.5103492737,0.0837605149,0.1425526887,1.8905271292,5.4993839264,0.0494983457,0.0925195813,0.1275458485,1.2073616982,0.0001793707,-12.5658502579,247.0652160645,0.0001238026,-2.4470801353,17.5183849335,40.9049186707,0.9947783947,0.9447732568,0.9905699492,0.9810616970,0.9908487201,0.9627830982,0.0382250436,0.0779876858,0.7044112682,1.3937182426,0.0887287110,0.0866043121,-0.3190142810,-0.3945367336,0.0016436778,-0.2372812033,7.3044338226,0.0021537449,-0.5789876580,4.5239791870,-132.1219329834,0.0388006903,0.0784281567,0.7080920935,1.3794217110,0.0962309986,0.0967259705,-0.0652697533,-0.4425592422,0.0016518027,-0.3282827735,6.9031333923,0.0021711341,-0.7695884705,6.3395042419,-148.0136260986,0.0389893055,0.0784095973,0.7115117908,1.3981366158,0.0935433209,0.0957666114,-0.1922240108,-0.4424765110,0.0016426146,-0.4209051132,6.8027343750,0.0021250946,-0.7706332207,5.7937431335,-139.9204559326,0.9981819391,0.9979840517,0.9969525933,0.9969672561,0.9971604347,0.9965499640,0.0740553513,0.1151072383,2.2620868683,5.7208614349,0.1853353828,0.1495752335,0.3898401260,-1.1604532003,0.0003515304,3.2896606922,42.1093635559,0.0005653307,1.9653303623,49.6810913086,-150.2660217285,0.0743038356,0.1167130098,2.2971920967,5.9247093201,0.1842692345,0.1534992605,0.4857874513,-1.0545731783,0.0003463142,3.4035658836,43.1251487732,0.0005656101,1.3701519966,50.0570907593,-147.9942474365,0.0719062462,0.1118381619,2.2638268471,5.9246978760,0.1777667105,0.1417725682,0.4284787774,-1.1060271263,0.0003430038,3.2398974895,41.7575378418,0.0005508785,2.0659534931,44.8863258362,-147.2201232910,0.9961333275,0.9952046871,0.9949262738,0.9975345731,0.9949561954,0.9947420359,0.1059209332,0.1509034485,2.2092232704,4.4726133347,0.1836086065,0.1507520527,0.7684270144,-0.2912416458,0.0005783118,3.8788037300,40.6384582520,0.0007053608,3.6484060287,37.2059860229,-73.3449630737,0.1062915027,0.1526343077,2.2019414902,4.4213657379,0.1818925738,0.1455558836,0.6992493272,-0.4014008045,0.0005708328,3.9923725128,41.5891456604,0.0007023645,3.6160812378,35.8032073975,-71.1261672974,0.1031141132,0.1475949883,2.2283287048,4.6561388969,0.1829621792,0.1516433209,0.7754569054,-0.3764247894,0.0005658602,3.8043785095,40.3133926392,0.0006978229,3.4539439678,33.1889495850,-77.4365997314,0.9961094260,0.9935808182,0.9956005812,0.9961579442,0.9965961576,0.9949930310
data/processed/standardized_dataset/repository/goodrahstar-footprint-database-d25efc1/Dactyloscopic/Right/1-1.png,0,train,0.0491433553,0.0763393119,1.1369268894,2.8774805069,0.0302307643,0.0565519258,-0.2540351450,0.2336878777,0.0001651608,-4.1515755653,50.4421119690,0.0001590048,-0.8033429384,2.9366559982,38.4845352173,0.0519828498,0.0766547695,1.2684533596,2.9996523857,0.0287894402,0.0550290719,-0.1713989079,0.1098151207,0.0001640738,-4.6182918549,55.2835807800,0.0001553868,-0.6894059181,2.9263434410,44.6174278259,0.0502002090,0.0751478598,1.2185949087,2.9365835190,0.0293634273,0.0561478809,-0.2307185531,0.2354273796,0.0001626672,-4.5349235535,54.7474975586,0.0001563811,-0.8179568052,3.1010408401,41.5073623657,0.9690464139,0.9624382854,0.9822266698,0.9682961106,0.9793094993,0.9754981399,0.1012862325,0.0911755040,0.1961059570,-0.1487932205,0.0354288593,0.0661793873,1.0017088652,4.2969331741,0.0007790064,-2.7989783287,12.9936084747,0.0005143481,-1.7795512676,4.1485118866,65.0210494995,0.1019990444,0.0950864851,0.2876330316,-0.1892724037,0.0358462632,0.0659784153,0.9896274805,4.0983948708,0.0007840334,-2.8396637440,12.9070978165,0.0005160081,-1.7589169741,3.9669833183,64.8562774658,0.1033862010,0.0916460678,0.1838067472,-0.2526657581,0.0361468084,0.0665491298,0.9482541084,3.9771318436,0.0007834059,-2.8160221577,12.8251142502,0.0005173585,-1.7582775354,4.0130643845,65.0371017456,0.9927775264,0.9954733253,0.9937945604,0.9962916970,0.9972690344,0.9972743392,0.1720998287,0.1411559433,0.8831502199,-0.0941374302,0.1647049934,0.1806997806,1.1622980833,1.6651582718,0.0005701106,0.1042468250,63.2582778931,0.0002924506,-1.0444117785,106.4860992432,4.2968292236,0.1827086210,0.1392400712,0.7442144752,-0.4188303947,0.1642576307,0.1793892384,1.1220070124,1.7400760651,0.0005915793,-0.0272521880,74.7423171997,0.0002904525,-0.3368325233,104.4805068970,10.0985879898,0.1865637004,0.1337623447,0.7341094613,-0.4146499634,0.1629703045,0.1820138842,1.1739528179,1.6735906601,0.0005876511,0.1516785473,78.2139587402,0.0002873123,-1.0520837307,105.4382476807,12.6462945938,0.9898983836,0.9947394133,0.9792300463,0.9955495596,0.9932385683,0.9958949089,0.2090311795,0.1613635719,0.7336879373,0.0571875572,0.1881349534,0.2114455700,0.5514202118,-0.2287890911,0.0008933399,1.7103314400,59.9861793518,0.0004101118,5.3294734955,61.8971252441,9.9967031479,0.2289156169,0.1663435549,0.5914723277,-0.2395005226,0.1898750067,0.2118643224,0.5294036865,-0.1843926907,0.0009625278,3.3690743446,76.7860336304,0.0004099494,5.5005440712,65.4856567383,17.0545864105,0.2370098531,0.1731103063,0.5936973095,-0.2908046246,0.1893304139,0.2151697874,0.5206180215,-0.3558354378,0.0009895500,3.8710830212,79.2699432373,0.0004056396,5.1607985497,58.5439949036,20.1170711517,0.9893522263,0.9924092293,0.9840570092,0.9942958951,0.9956476688,0.9951834679
data/processed/standardized_dataset/Left/24-2.png,0,train,0.0694249645,0.1186005324,1.9055923223,10.6534175873,0.0547903590,0.1197101474,0.0337278023,1.5055885315,0.0002543649,-9.7599763870,163.8293304443,0.0001779514,-1.5226515532,13.3595352173,21.0797443390,0.0779949501,0.1268632561,2.4038519859,11.1721820831,0.0622147061,0.1476694643,-0.0737742335,1.5512356758,0.0002620443,-11.1275949478,193.8746643066,0.0001786317,-2.6619112492,27.0795650482,20.2323913574,0.0718127936,0.1187153980,2.5378584862,11.7710056305,0.0550614744,0.1127389297,-0.2459592968,1.6878509521,0.0002923955,-9.0506258011,145.7187194824,0.0002200549,-1.3303514719,12.0639200211,23.3263721466,0.9870647788,0.9714571238,0.9477149844,0.8494501114,0.9433317780,0.8419048190,0.0419983491,0.0934166312,0.3185775876,1.0727992058,0.0489913337,0.0771532208,0.5860921144,0.9364550114,0.0013733488,-1.8480930328,4.5511283875,0.0020768419,-0.5974453688,3.4611883163,-16.6506175995,0.0415398590,0.0914727822,0.2941729426,0.9188480377,0.0506893657,0.0765754506,0.5765230656,0.9940881729,0.0014276954,-1.7777441740,4.3657164574,0.0022227904,-0.5521475673,3.2946958542,-22.0258483887,0.0558424257,0.1002990827,0.3100684285,1.2959384918,0.0603677928,0.0887148976,-0.0262435954,0.9255242348,0.0013929494,-1.7352141142,2.6045866013,0.0015210757,-1.0365960598,5.8533020020,-8.1038150787,0.9944259524,0.9957774878,0.9252220392,0.9239417315,0.9052903056,0.9026931524,0.0422800407,0.0647951290,1.2580335140,4.0046529770,0.0716849118,0.0694083050,0.3769736588,-0.6315968037,0.0003945172,0.9841936231,11.7323417664,0.0005703931,0.3441026807,2.6267752647,-69.5478744507,0.0442294106,0.0681242421,1.5445399284,5.0444984436,0.0773020461,0.0741308331,0.4727570415,-0.5318396091,0.0004058062,1.2229771614,12.9121942520,0.0005858521,0.4621083736,3.1798133850,-74.7752151489,0.0369837657,0.0606951863,0.7624398470,1.9279499054,0.0573111549,0.0586967990,0.2006070167,-0.6497755051,0.0003578085,0.0569029823,9.1443328857,0.0005443620,0.0835325122,1.5036945343,-54.9630050659,0.9898289442,0.9950450659,0.8690937161,0.9160695076,0.8409364223,0.8931107521,0.0602408275,0.0900430530,2.3416159153,7.8979244232,0.1017075181,0.0815756097,0.6855117083,-0.3447093964,0.0005724423,2.0926637650,17.8271751404,0.0007682649,0.7364892960,4.0024185181,-68.8348617554,0.0626678914,0.0944797769,2.4607849121,8.3532571793,0.1083893031,0.0872939378,0.7285418510,-0.2765069008,0.0005919043,2.2903110981,19.2135124207,0.0007858808,0.8657279611,4.9183211327,-72.9582748413,0.0538173392,0.0788779780,1.8554314375,6.1788873672,0.0894279629,0.0733582899,0.5090857744,-0.4309015274,0.0005445306,1.2005573511,11.5998439789,0.0007553736,0.5030696392,2.5190558434,-66.1694259644,0.9884845614,0.9939104915,0.8880124092,0.8898323774,0.8612426519,0.8606913686
data/processed/standardized_dataset/Left/24-3.png,0,train,0.0758776665,0.1303429604,1.5723954439,9.2800073624,0.0448319539,0.0716346130,-0.4522731006,3.6297988892,0.0002348285,-8.2802810669,125.6610107422,0.0001645608,-1.6356749535,11.7174148560,40.9154815674,0.0751322061,0.1275003105,1.7715748549,9.7721948624,0.0482588075,0.0849731937,-0.5963422656,5.6600685120,0.0002297843,-8.7884569168,134.7349090576,0.0001691670,-2.8155994415,30.2151718140,35.7681465149,0.0701446682,0.1202145368,1.4321836233,10.9071187973,0.0419450887,0.0712352619,-0.1473079920,3.9734296799,0.0002528927,-7.4189090729,106.4274673462,0.0001849448,-1.3225538731,9.5662040710,40.2020301819,0.9904323816,0.9720254540,0.9706707597,0.9263276458,0.9687932134,0.9142068624,0.0568443537,0.0716623664,0.2089024782,0.6725049019,0.0759540200,0.1139118746,0.1995634735,0.2937619686,0.0015409598,-1.8154566288,4.1297998428,0.0015145910,-1.7682698965,14.3745727539,-33.6175270081,0.0571244061,0.0719667226,0.3228759766,0.1727886200,0.0744382069,0.1061217114,0.3082032800,-0.0028541088,0.0016239608,-1.8852167130,4.5277056694,0.0016027117,-1.5015679598,12.1124420166,-30.3089370728,0.0687902868,0.0712479427,0.1258793175,0.3939988613,0.0929265767,0.1324911416,0.3103626370,0.6406106949,0.0014329085,-1.4739882946,1.7157392502,0.0012141770,-3.1427488327,29.1258926392,-35.0867691040,0.9956622124,0.9929534197,0.9383878708,0.8997619748,0.9250491261,0.8671967983,0.0459814817,0.0713183209,1.5385307074,4.8599023819,0.0664363503,0.0808807239,1.2487556934,1.6748609543,0.0003387179,1.9481471777,16.6744556427,0.0004841586,0.9253858328,10.7357053757,-44.4850158691,0.0480400249,0.0746162087,1.7343900204,5.6263847351,0.0771973804,0.0809420273,1.1124639511,1.3701276779,0.0003464907,2.2326731682,19.6390094757,0.0005033261,1.1516751051,12.4534530640,-60.6938819885,0.0380487964,0.0631266981,0.9220833778,2.8836350441,0.0557920299,0.0635349154,1.0418004990,1.3868036270,0.0003012028,1.0472695827,11.2609100342,0.0004432212,0.4712690711,6.0116357803,-46.6328392029,0.9906138182,0.9914928675,0.9138046503,0.9346674085,0.8952236176,0.9130218625,0.0696328059,0.0977082700,1.9511444569,5.1835680008,0.1613437086,0.1397371441,0.8477213383,-0.4625897408,0.0005711704,2.5965964794,18.3364124298,0.0006653580,2.3823394775,21.2772102356,-131.7064514160,0.0731157959,0.1019751430,2.0391714573,5.3719673157,0.1718254387,0.1472109854,0.7874346375,-0.6273970604,0.0005890757,2.7297103405,19.9249496460,0.0006897920,2.7048654556,25.1604080200,-135.0045318604,0.0584828407,0.0869387612,1.5710927248,4.1182613373,0.1419879943,0.1233020723,0.9145570397,-0.2193953991,0.0005224788,1.9337916374,13.5054969788,0.0006214207,1.8154957294,15.1416034698,-142.7857360840,0.9914843440,0.9932891726,0.9256370068,0.9330051541,0.9092202187,0.9152318835
data/processed/standardized_dataset/Left/24-4.png,0,train,0.0500212237,0.0869669616,1.3755855560,8.4692134857,0.0478675030,0.0977984145,-0.1905153841,0.7731194496,0.0002448556,-3.9490501881,46.3457107544,0.0002100149,-0.9150118232,6.3488864899,4.3056139946,0.0596498288,0.1024163365,2.1174731255,10.4653921127,0.0531558879,0.1191279963,-0.1233136281,0.7967331409,0.0002543215,-5.9076614380,79.8942031860,0.0002069652,-1.2309515476,9.7568750381,10.8867721558,0.0530045852,0.0910690576,1.4837824106,8.8898687363,0.0442158245,0.0945497975,-0.3579918742,0.8167026043,0.0002985997,-4.2191677094,45.4384613037,0.0002579396,-0.9141216278,4.5896973610,16.5811328888,0.9698707461,0.9533955455,0.8953523040,0.8242582679,0.8918706179,0.8065266013,0.0422452837,0.0720467642,0.0616145805,1.4326019287,0.1045361608,0.1537311226,0.1817145199,0.4133212566,0.0007589105,-1.7695667744,3.4304056168,0.0011681167,-3.3048679829,38.7523651123,-147.4504852295,0.0423105545,0.0721454695,0.0407843068,1.3339357376,0.1077274084,0.1542682350,0.2530595362,0.3305726051,0.0007955111,-1.7593932152,3.6056013107,0.0012535426,-3.3458728790,39.6206169128,-154.6111907959,0.0629601926,0.0737432241,0.0599294491,0.9842805862,0.1261230856,0.2052995563,0.2794176340,0.3788056374,0.0008577664,-1.5480751991,2.0612554550,0.0009022774,-7.3302001953,108.4968109131,-100.3219528198,0.9892067909,0.9957707524,0.8801696897,0.8518311977,0.8672959805,0.8350107074,0.0345904715,0.0568594187,0.4765948057,1.4762077332,0.0768430904,0.0595145077,0.4844013155,-0.1830232143,0.0003487528,0.9452996850,7.3881368637,0.0004608458,0.6160968542,6.6624107361,-122.1510314941,0.0348181352,0.0573275834,0.5972071290,1.7750306129,0.0775293633,0.0591265224,0.5061134696,-0.1790187359,0.0003505783,0.8920056820,8.1450891495,0.0004627483,0.5786283612,6.2950105667,-122.6694869995,0.0326378047,0.0577889606,0.2580282986,0.9617948532,0.0685497820,0.0522947647,0.4521840513,-0.0425152779,0.0003003103,0.4753499925,8.7368478775,0.0004084485,0.5763338208,5.8315286636,-110.0318374634,0.9839857817,0.9917324781,0.8713159561,0.8520447016,0.8492212296,0.8269736767,0.0517595857,0.0688724965,1.3671200275,4.3806467056,0.1086905673,0.0846546665,0.8003993034,-0.2233905792,0.0005521539,1.4506064653,11.3514585495,0.0006597437,0.6661650538,4.7569031715,-109.9911880493,0.0528491959,0.0705347210,1.4570760727,4.7086691856,0.1083618701,0.0831550583,0.8152266145,-0.1409060955,0.0005658838,1.3426344395,11.0595588684,0.0006681473,0.6139892340,4.5455374718,-105.0397720337,0.0521591678,0.0721455738,1.4404053688,5.0968980789,0.1121616438,0.0905452222,0.9013162255,0.0227816105,0.0004729668,1.2599357367,15.4024200439,0.0005629501,0.9467690587,6.2786922455,-115.0372543335,0.9802309871,0.9897230864,0.8811210990,0.8228317499,0.8615527749,0.7952283621
data/processed/standardized_dataset/repository/goodrahstar-footprint-database-d25efc1/Dactyloscopic/Right/1-2.png,0,train,0.0440682024,0.0605401024,0.3609266579,0.4824194908,0.0521689616,0.0723153502,-0.0483675264,0.3680479527,0.0001440851,-1.9905378819,12.4882087708,0.0001630569,-0.8890436888,5.1004562378,-18.3823223114,0.0402367786,0.0594770052,0.1650871933,0.6751255989,0.0425423682,0.0658875853,-0.3650045097,0.2786514759,0.0001372662,-1.8434393406,10.6864662170,0.0001526016,-0.4436137378,2.2095556259,-5.7300553322,0.0385799818,0.0564027578,0.0477320850,0.1316893101,0.0398904942,0.0679617822,-0.3736716211,0.4726777077,0.0001408476,-1.7402874231,9.9598789215,0.0001573776,-0.4478088617,1.9475641251,-3.3968715668,0.9683352709,0.9469866157,0.9637622833,0.9442816377,0.9670552611,0.9550957680,0.1083396450,0.0834491253,0.3008287847,1.4320735931,0.0502385534,0.0659040436,0.1271769106,0.9978046417,0.0008333001,-3.5253071785,28.2837276459,0.0006670618,-1.9678137302,7.6389236450,53.6286506653,0.1053989083,0.0841565505,0.2586851120,1.4979615211,0.0483855531,0.0665586218,0.3101251125,0.8203177452,0.0008316453,-3.6663217545,29.8047637939,0.0006724022,-2.0636978149,9.2024126053,54.0929260254,0.1047414988,0.0839474350,0.0574874058,1.2082386017,0.0493428931,0.0641435757,0.1522495151,0.6729867458,0.0008233418,-3.5619244576,28.7742996216,0.0006557577,-1.8453079462,6.2807445526,52.8907890320,0.9949441552,0.9966153502,0.9915711880,0.9959155917,0.9925251603,0.9942955971,0.1814006865,0.1345908791,1.8812592030,4.5249905586,0.1858336926,0.2138967216,1.4514809847,0.8008189201,0.0006536340,0.3674402833,97.1519622803,0.0003141518,-0.1765601039,116.3771438599,-2.4437646866,0.1836893559,0.1346086711,1.8879386187,4.7772188187,0.1881166548,0.2193458527,1.4790408611,0.8231861591,0.0006631741,-0.5288856626,95.5760726929,0.0003170823,-0.5956364870,134.5550537109,-2.4102098942,0.1797586083,0.1298149973,1.9687069654,5.2879009247,0.1803890616,0.2160052359,1.5102570057,0.8947587013,0.0006593033,-1.5674809217,93.0924148560,0.0003097452,-0.7791324854,124.9122619629,-0.3507221341,0.9923634529,0.9926569462,0.9783524275,0.9922275543,0.9912945032,0.9927962422,0.2423806936,0.1892149746,1.2426546812,1.1863212585,0.2086973488,0.2225865126,0.8929843307,-0.1369836330,0.0011935394,-0.4149539769,118.0317916870,0.0004423013,5.8285336494,75.4817657471,13.8968763351,0.2458034903,0.1849086881,1.1996024847,1.2111234665,0.2049184889,0.2223383039,0.8844403028,-0.2207763195,0.0012149123,-1.0869398117,116.2077178955,0.0004334330,5.7275280952,72.7540969849,16.6332054138,0.2407632917,0.1771870404,1.2065032721,1.4490695000,0.1956323683,0.2202924043,0.8569901586,-0.2972779274,0.0011991196,-0.9143355489,109.7630844116,0.0004273274,4.9569373131,61.1400756836,18.7449359894,0.9910339117,0.9927754998,0.9726757407,0.9897940159,0.9918535352,0.9896334410
data/processed/standardized_dataset/repository/goodrahstar-footprint-database-d25efc1/Dactyloscopic/Right/1-3.png,0,test,0.0986825004,0.1323597580,1.1014921665,2.0201826096,0.0687993094,0.1093984768,0.3090925217,0.9018998146,0.0001879423,-6.5850210190,108.7667922974,0.0001606438,-1.6656605005,11.0572748184,30.2821578979,0.1014247611,0.1335595697,1.2980188131,2.7017817497,0.0624601953,0.1103401631,0.1173369065,0.7689256668,0.0001888480,-7.5812182426,130.8723602295,0.0001529399,-1.8369488716,11.5396356583,38.4172134399,0.1062062979,0.1351433396,1.1252645254,1.7507038116,0.0716590136,0.1097595170,0.3506635129,0.9440741539,0.0001986760,-6.7495489120,122.0496520996,0.0001590575,-1.9721031189,12.8561143875,32.5284690857,0.9830693603,0.9173631668,0.9812275171,0.9523310661,0.9846057892,0.9577620029,0.1363078058,0.0981058851,0.4262838364,-0.0424330235,0.1389907748,0.1361974627,0.4712051749,-0.2650649548,0.0007607751,-2.5625214577,14.9274482727,0.0005406704,-3.7394139767,32.0796813965,-1.9683164358,0.1335906684,0.0964657441,0.3619045019,-0.1380140781,0.1422923505,0.1444536597,0.5075221658,-0.5147998333,0.0007560772,-2.4180781841,13.4642562866,0.0005437076,-4.0623283386,37.6196060181,-6.5136899948,0.1321873069,0.0954754874,0.4211524725,-0.1668167114,0.1396277100,0.1391285062,0.4394584894,-0.2926402092,0.0007588347,-2.4652547836,13.9426918030,0.0005396910,-3.8357353210,33.8114395142,-5.6286821365,0.9976582527,0.9938420653,0.9955875278,0.9957751632,0.9960861802,0.9963737130,0.1287052184,0.1000521183,0.5090296865,0.2283153534,0.3524881005,0.3232495189,0.1971366107,-1.3803880215,0.0003540941,3.4667212963,39.5776138306,0.0004656182,17.5134506226,450.2214660645,-173.8724212646,0.1334314048,0.0998445824,0.4862729311,-0.1383388042,0.3577722311,0.3158742487,0.2723888159,-1.4207919836,0.0003523629,2.8163688183,36.1424179077,0.0004693733,16.7430343628,424.3149719238,-168.1319580078,0.1381964982,0.1020434722,0.5726080537,0.1915471554,0.3603006005,0.3215731680,0.2631131411,-1.4221035242,0.0003701688,2.5576238632,37.9738235474,0.0004741472,17.6103000641,452.8713378906,-160.7161560059,0.9912194610,0.9958745837,0.9840890169,0.9969069958,0.9911933541,0.9969250560,0.1897063851,0.1511586905,0.3365783691,-0.4323217869,0.3626442850,0.3044922352,0.3628319800,-1.4371256828,0.0005763594,3.0815541744,36.2076644897,0.0005689551,15.9787998199,358.3865966797,-91.1608200073,0.1954966038,0.1509444863,0.2912785709,-0.4947013855,0.3980302513,0.3292165101,0.2737643719,-1.5568252802,0.0005928270,3.1962919235,38.4529914856,0.0006110586,17.5587177277,416.5067443848,-103.5995712280,0.2120626271,0.1743992418,0.5413388610,-0.1639285088,0.3874685466,0.3244112134,0.3066067100,-1.5377432108,0.0006331624,3.6199705601,43.1709785461,0.0005933049,17.2590942383,406.6587219238,-82.7142028809,0.9935614467,0.9934917688,0.9907739162,0.9951859713,0.9947664142,0.9963515997
data/processed/standardized_dataset/repository/goodrahstar-footprint-database-d25efc1/Dactyloscopic/Right/1-4.png,0,train,0.0676826686,0.0960739106,0.6609562039,1.3114027977,0.0387288928,0.0900705978,-0.1605056077,1.2295608521,0.0001552402,-1.0762320757,14.9284267426,0.0001315763,-0.8687331080,4.9161615372,42.7787132263,0.0671290904,0.0955510214,0.8824258447,1.8709950447,0.0337201804,0.0868972912,-0.1944408566,1.0831527710,0.0001474278,-1.0368434191,14.9113254547,0.0001286685,-0.9033306241,4.8012089729,49.7681541443,0.0532812476,0.0816514492,0.1554099470,0.2759897709,0.0363338366,0.0812788829,-0.3490259051,1.1935997009,0.0001410789,-0.8477647901,9.5010471344,0.0001301788,-0.9579722881,4.4228682518,31.8074588776,0.9750087261,0.9418334365,0.9547618032,0.9425652027,0.9427753091,0.9567003846,0.1696131676,0.1259399801,-0.0358673520,-1.1718293428,0.0397294536,0.0667273551,0.4413495064,0.7164905071,0.0010510660,-3.5043072701,24.7421989441,0.0004995099,-1.6368023157,4.1921973228,76.5764312744,0.1687594056,0.1270500869,-0.0637488589,-1.1320025921,0.0366210975,0.0658086836,0.4745088518,0.7932057381,0.0010487305,-3.5389378071,25.3377628326,0.0004978437,-1.5118546486,3.8760614395,78.2998199463,0.1571248770,0.1212186217,0.0339156687,-0.9855475426,0.0375022739,0.0650233999,0.5089699030,0.8208422661,0.0010323036,-3.4691710472,24.9079265594,0.0004967176,-1.5990821123,4.1294403076,76.1321868896,0.9980551004,0.9932994246,0.9944298267,0.9948062897,0.9950268865,0.9956094027,0.3039341569,0.2028960288,0.4590519369,-1.2824057341,0.1891113073,0.1799177825,1.1466313601,0.7152779102,0.0008244955,-0.2379200310,141.3387756348,0.0002610732,5.3935260773,136.4651489258,37.7788581848,0.3002924323,0.2032148689,0.4624431133,-1.2876137495,0.1849447936,0.1768355817,1.2711263895,1.1254563332,0.0008058256,-0.5562055707,147.4170074463,0.0002602314,5.8581452370,144.9338073730,38.4117698669,0.3190292120,0.2126188278,0.3915139735,-1.4038233757,0.1814175397,0.1779447347,1.2552284002,0.9934501648,0.0008280715,0.2850196660,156.2619628906,0.0002499986,5.5174217224,133.1698150635,43.1345062256,0.9981412292,0.9918142557,0.9936600924,0.9902408719,0.9956732988,0.9931669831,0.3433497846,0.2615633607,0.5604256392,-1.3137103319,0.2407870442,0.2222273648,0.7033830881,-0.7118623257,0.0011746675,2.7632832527,132.9720764160,0.0003949573,7.7950496674,123.2119750977,29.8712120056,0.3394696116,0.2595908344,0.5424480438,-1.3384706974,0.2341339141,0.2212256640,0.7472301722,-0.7121126652,0.0011563366,2.5691270828,136.2347412109,0.0003916070,7.7505288124,123.7301254272,31.0294933319,0.3624207377,0.2712040842,0.4984067082,-1.4120985270,0.2337472141,0.2250165343,0.6794652343,-0.8820986748,0.0012177193,3.2916448116,136.3485717773,0.0003773049,7.1295990944,105.5177154541,35.5039062500,0.9975726604,0.9898586869,0.9929091334,0.9905062318,0.9961678386,0.9934709072
data/processed/standardized_dataset/Left/26-2.png,0,train,0.0741795301,0.1277326047,1.5420658588,3.6622571945,0.0516434945,0.1019029096,-0.1735567153,0.3815691471,0.0002141484,-5.0841035843,60.8715820312,0.0001860136,-1.0966820717,7.5452003479,30.3803958893,0.0811835825,0.1459740251,1.8576323986,4.4493336678,0.0709426403,0.1963177323,-0.1532907933,0.6709699631,0.0001912229,-7.6937847137,111.9107971191,0.0001781339,-4.7752165794,63.4177780151,12.6145486832,0.0788777620,0.1365570426,1.8091359138,4.4691691399,0.0562380850,0.1501531452,-0.2187220156,0.6272997856,0.0002004660,-6.6602315903,92.5942611694,0.0001736304,-2.2037107944,21.0068912506,28.7022304535,0.9113201499,0.8014633656,0.9492053390,0.9034737945,0.9789271951,0.9477429986,0.0657840595,0.0681750774,0.0295815896,0.1598260403,0.1803458333,0.2727528811,0.2130576223,0.4860024452,0.0003992123,-1.5487998724,1.7040014267,0.0007353632,-15.1808061600,324.7119140625,-174.1482238770,0.0581338592,0.0665776804,0.1934235692,0.0753941536,0.1803638786,0.2718482912,0.2761541307,0.4431109428,0.0004608198,-1.7059408426,2.4428796768,0.0008455498,-14.0588455200,297.5830078125,-210.2561645508,0.0628047287,0.0678849667,0.1059619337,0.1209690571,0.1796837449,0.2687235773,0.2817242742,0.3760972023,0.0004467221,-1.5756146908,1.7587518692,0.0007930664,-14.3462352753,304.6791381836,-186.0990753174,0.9586521387,0.9585566521,0.9811775088,0.9820173979,0.9872360826,0.9912278652,0.0656364411,0.0752018243,1.3498505354,5.5818099976,0.0798130333,0.0903038532,0.7529911995,0.3459420204,0.0001600914,2.4720304012,28.0459423065,0.0002122246,2.4219024181,27.5618019104,-21.5986614227,0.0658479854,0.0751530752,1.4556761980,5.5535345078,0.0728680789,0.0912213475,0.4790670276,0.0526978970,0.0001662789,2.9170923233,27.5641784668,0.0002294357,1.8601793051,19.4400920868,-10.6610603333,0.0654080957,0.0759037659,1.3844474554,5.5425586700,0.0741946101,0.0772854984,0.6578235030,0.4790773392,0.0001611284,2.9217944145,28.5666198730,0.0002186760,2.1114194393,22.6099395752,-13.4333744049,0.8779972196,0.8076064587,0.9417026639,0.9042760134,0.9684734344,0.9587866068,0.1337128431,0.1312805265,1.5278432369,2.6309404373,0.1455018967,0.1227125898,1.1137822866,1.0909190178,0.0002864020,5.0346188545,52.0938110352,0.0003171680,3.6717395782,31.5606536865,-8.8166952133,0.1235375032,0.1191162691,1.3312537670,2.0952625275,0.1358158141,0.1110906973,1.0337042809,0.8732378483,0.0003339820,3.5938475132,32.2331047058,0.0003706708,2.7480628490,22.3514270782,-9.9389343262,0.1269161105,0.1238668486,1.4162520170,2.3418436050,0.1389253139,0.1166612431,0.9906612039,0.7025532722,0.0003107794,4.1628813744,39.8369216919,0.0003457728,3.0142488480,24.8559169769,-9.4623155594,0.9096834064,0.8434117436,0.9583079219,0.9321429133,0.9776969552,0.9655780792
data/processed/standardized_dataset/Left/26-3.png,0,train,0.0458250418,0.1186622083,-0.0087502282,4.4024605751,0.0482769944,0.0688865930,-0.2149645984,0.7606668472,0.0002181529,-2.9040563107,30.8636779785,0.0002263009,-0.8102993965,3.4041814804,-5.3506827354,0.0482961796,0.1345520765,0.0571030863,5.2802429199,0.0514986776,0.1001142710,-0.4835298657,1.8091478348,0.0002052649,-4.4760341644,58.0152091980,0.0001967435,-1.2565588951,8.5205593109,-6.6309552193,0.0466609411,0.1244517118,0.0284236837,4.9041314125,0.0488406718,0.0812769011,-0.4506228268,1.5549306870,0.0002104450,-3.4160945415,41.7732353210,0.0002015763,-0.9322976470,4.3856873512,-4.6714243889,0.8687254190,0.7380561233,0.9205665588,0.8813024163,0.9517747760,0.9040862918,0.1115481704,0.1143780127,0.7487629056,1.8946714401,0.1620435864,0.2250140011,0.8109932542,0.3682012558,0.0005169575,-2.6751790047,22.4866008759,0.0006420725,-11.9916114807,232.1699829102,-45.2678108215,0.0922481716,0.1084591746,1.1217505932,2.8038825989,0.1569198668,0.2318381220,0.8014039993,0.2831492424,0.0005145210,-2.8967316151,22.7733592987,0.0007225139,-11.6246919632,225.7497863770,-70.1062088013,0.1030623913,0.1111797020,0.8758620024,2.1337008476,0.1609996408,0.2329048663,0.8289223313,0.2719504833,0.0005217973,-2.6840376854,21.6757717133,0.0006688180,-12.3716373444,245.8212280273,-56.2157058716,0.9158662558,0.8690543175,0.9652327299,0.9371442199,0.9773755670,0.9751528502,0.0913537070,0.1449876726,1.7869054079,5.3901653290,0.1014424041,0.0995607674,0.9152806997,0.6119899750,0.0002345016,6.9718222618,118.1927490234,0.0002631572,1.2357250452,23.6842670441,-11.0435552597,0.0857107043,0.1316581368,1.8295899630,5.4228639603,0.0898756906,0.0904214382,0.8963181376,0.2409975529,0.0002667958,5.2958598137,81.3176651001,0.0002724245,1.5285247564,14.8416938782,-4.8593535423,0.0885617584,0.1389836371,1.7939131260,5.3692035675,0.0963254347,0.0949220657,1.0409514904,0.7240157127,0.0002474521,6.2259039879,101.3107833862,0.0002568647,1.6660706997,19.0021190643,-8.7663984299,0.8876166344,0.6343840361,0.9454871416,0.8206811547,0.9681924582,0.9278070927,0.1198717654,0.1450997591,1.9903309345,3.9757747650,0.1243968755,0.1042933986,1.0846711397,0.8547000885,0.0003151239,5.1753177643,48.6644325256,0.0003521633,1.8426442146,25.2252044678,-3.7749590874,0.1086340100,0.1263466477,1.7381757498,3.2179789543,0.1144432947,0.0964633450,1.1015141010,0.9337739944,0.0003949671,2.9212665558,25.3829803467,0.0003970246,2.2707927227,14.9786300659,-5.3475747108,0.1126232892,0.1338312179,1.8510354757,3.5862464905,0.1203823835,0.1034672633,1.1650685072,0.9420168400,0.0003525046,3.9338567257,34.5705757141,0.0003596905,2.3896021843,20.1203117371,-6.8894224167,0.8507141471,0.6829587221,0.9182681441,0.8497909904,0.9668534398,0.9277787805
data/processed/standardized_dataset/Left/26-5.png,0,train,0.0776453763,0.1263264120,1.9034234285,5.3099822998,0.0372524597,0.0450898930,-0.0606376901,-0.1739723682,0.0002824497,-5.5720572472,79.4411087036,0.0002305601,-0.5318892002,2.3143339157,52.0223083496,0.0972693413,0.1579471976,2.1943941116,5.5215625763,0.0364528969,0.0606710128,-0.2785419822,1.2872285843,0.0002495959,-10.4845733643,194.9863433838,0.0001499541,-1.1288741827,5.8672809601,62.5237541199,0.0910862237,0.1466166228,2.2668476105,5.7499351501,0.0370084830,0.0534204617,-0.2428907007,0.1306760311,0.0002634735,-8.8245716095,155.4931488037,0.0001695133,-0.9335512519,4.4597415924,59.3698348999,0.8720630407,0.6607088447,0.9171823859,0.8059580326,0.9792640805,0.8984817266,0.0764436200,0.0674905702,-0.1458370090,2.7426304817,0.0776657090,0.1266741306,-0.2196396738,1.9727916718,0.0005816725,-1.2722617388,1.1640391350,0.0005537207,-3.3566122055,38.3415069580,-1.5986801386,0.0606712103,0.0656428412,0.1125408411,0.6395363808,0.0587766096,0.0964175016,-0.1949629039,1.8722152710,0.0006396812,-1.4398806095,1.7484312057,0.0006844429,-2.1499528885,14.5971851349,3.1227343082,0.0662220567,0.0659606904,-0.0124750426,1.8283743858,0.0631382018,0.1124393046,-0.1924064755,1.5216565132,0.0006066006,-1.3482487202,1.2174286842,0.0006137585,-2.4189198017,21.4456920624,4.6568393707,0.8962157965,0.7749390006,0.9495145082,0.8927351832,0.9772398472,0.9565250278,0.0551402867,0.0744008049,0.9412994385,1.5789699554,0.1058581248,0.1067186147,-0.0706414431,-0.2414932251,0.0002310271,0.8777836561,10.7383565903,0.0003188233,0.9748545289,12.2390680313,-91.9796447754,0.0586462803,0.0805365592,1.0574624538,1.5636286736,0.1282913834,0.1217660829,0.2795931101,-0.5521924496,0.0002476596,1.3855651617,12.8721752167,0.0003360631,2.0512573719,26.0693435669,-118.7545089722,0.0554802977,0.0766470060,1.0057517290,1.7005958557,0.1107256263,0.1216619387,-0.0086155413,-0.2065277100,0.0002341737,1.3271455765,12.1885108948,0.0003181300,1.2976093292,16.6604938507,-99.5764846802,0.7858168483,0.7863475680,0.8812683225,0.8792184591,0.9592140317,0.9404516816,0.0894276500,0.1091024801,1.8492859602,4.3492288589,0.1702640206,0.1387728602,0.8054877520,-0.3884267807,0.0003501413,2.8288347721,26.0598411560,0.0004546808,3.8859727383,36.2153625488,-90.3930358887,0.0891957507,0.1067461967,1.6082659960,3.2801380157,0.1716181487,0.1367227584,0.7509077787,-0.5458102226,0.0004164716,2.5490326881,19.6365451813,0.0005274239,3.6290562153,36.2459487915,-92.4061965942,0.0855264664,0.1041049287,1.6704403162,3.7519168854,0.1687616110,0.1355226189,0.7453840971,-0.5470452309,0.0003918202,2.5074851513,20.2718887329,0.0005012557,3.4957208633,31.6530380249,-97.3209228516,0.7996752262,0.7869024277,0.8837074041,0.8794871569,0.9628878832,0.9537177682
data/processed/standardized_dataset/repository/goodrahstar-footprint-database-d25efc1/Dactyloscopic/Right/1-5.png,0,train,0.0745900273,0.1374192983,0.5266778469,1.8354835510,0.0448480546,0.0663266778,0.5480242372,0.9931731224,0.0001903940,-5.2147388458,72.3963470459,0.0001507194,-0.9537349939,6.0833835602,39.8739280701,0.0575819239,0.1168646514,0.4103464484,2.1137523651,0.0367887206,0.0670188740,0.1940149516,0.8936562538,0.0001720972,-3.7123739719,39.8236389160,0.0001398375,-0.6396285295,4.8892502785,36.1106452942,0.0683965981,0.1336318552,0.2462566048,2.2807149887,0.0410962254,0.0687497109,0.3573079705,0.7491059303,0.0001863037,-4.9862112999,65.3182067871,0.0001468787,-0.7540392876,5.0925750732,39.9148101807,0.9683775902,0.9124825001,0.9792850614,0.9313403368,0.9695264697,0.9527326226,0.1330600679,0.1051663235,-0.0749538094,-0.2128057480,0.0372544490,0.0623211563,1.0385783911,2.8201789856,0.0008879444,-1.8095296621,7.7942600250,0.0006098861,-1.3836858273,1.4821109772,72.0017776489,0.1348552406,0.1029903144,0.1406443268,-0.1928179264,0.0344432145,0.0617875308,1.1855630875,3.8898763657,0.0008809981,-1.8464915752,8.7026805878,0.0006018768,-1.4222608805,1.5728740692,74.4591217041,0.1396245062,0.1032788232,0.0634259954,-0.2023363113,0.0355248153,0.0632027686,1.0636966228,3.5176687241,0.0008901436,-1.8895028830,8.1250047684,0.0006082379,-1.4095319510,1.5195674896,74.5568923950,0.9966962337,0.9953874946,0.9949614406,0.9964773655,0.9930675030,0.9968000054,0.2934153080,0.2373219877,0.5723155737,-1.0235680342,0.1624994129,0.1471516341,1.1139030457,0.8240900040,0.0007128561,0.1512605101,52.3667945862,0.0002891686,2.9649052620,78.3890533447,44.6179504395,0.3053836226,0.2418827116,0.5137163401,-1.1514929533,0.1631030738,0.1528874636,1.2563363314,1.4457464218,0.0007342469,0.0418188870,53.2983169556,0.0002838550,1.2579826117,74.0966110229,46.5907592773,0.3043560386,0.2402648330,0.5088314414,-1.1558613777,0.1575899571,0.1492420137,1.4077440500,1.6806044579,0.0007332894,-0.2427399009,54.7606048584,0.0002808062,1.5803999901,71.9710006714,48.2218399048,0.9951853156,0.9806835651,0.9926261902,0.9824113250,0.9932034612,0.9940798283,0.3598885536,0.2924267352,0.5621289611,-1.1930520535,0.2074444592,0.1762909144,0.6516848207,-0.5005002022,0.0014713178,0.7507511973,70.2118225098,0.0004353815,5.6314473152,83.2189178467,42.3586959839,0.3683843613,0.2912632525,0.5367223024,-1.2213994265,0.2045417577,0.1851653308,0.6197412610,-0.8120129108,0.0014998935,0.7695088983,69.8806610107,0.0004005363,4.4679489136,51.4947433472,44.4759941101,0.3735306263,0.2919658422,0.5233692527,-1.2173092365,0.2001484931,0.1863556355,0.6369834542,-0.8593506813,0.0015384442,0.4828540683,74.4534225464,0.0003997780,4.4583401680,51.9051208496,46.4171142578,0.9975702167,0.9778785110,0.9948413372,0.9814187884,0.9947475195,0.9929642081
data/processed/standardized_dataset/repository/goodrahstar-footprint-database-d25efc1/Dactyloscopic/Right/2-1.png,0,test,0.0570880175,0.1013170183,0.5265201330,1.1310849190,0.1290189922,0.1444970965,1.2769289017,0.9764170647,0.0001781945,-0.7184091806,8.5957527161,0.0002672046,-10.3751544952,215.2503356934,-126.0001296997,0.0405593142,0.0798339620,0.1437459886,1.1309218407,0.1275471151,0.1512797177,1.2989448309,1.2625541687,0.0001319208,-1.4689583778,8.7862758636,0.0002367463,-14.9329929352,362.9577636719,-214.4705963135,0.0547957234,0.1049946174,0.3206489086,1.5400571823,0.1235188320,0.1414228529,1.4685330391,1.7722129822,0.0001828020,-0.5028724670,7.0472640991,0.0002618755,-11.0100326538,237.4878845215,-125.4169235229,0.8092480898,0.8655016422,0.9147442579,0.8835832477,0.8115410805,0.8608032465,0.0751509592,0.0966680646,-0.6002936363,1.3542490005,0.2831735909,0.2462886870,0.9021650553,-0.6191935539,0.0004357563,-2.0369842052,6.2797183990,0.0016640004,-16.4585266113,346.3888549805,-276.8063659668,0.0714362264,0.1063208878,-0.3020438254,1.4613876343,0.2820572853,0.2519382238,0.9309748411,-0.5809862614,0.0004392308,-2.3619132042,9.0656719208,0.0017448136,-16.3829650879,344.6700439453,-294.8378906250,0.0786392912,0.1013559178,-0.3348107636,1.0438103676,0.2884961963,0.2561940551,0.9616350532,-0.5945920944,0.0004426230,-2.1430902481,8.0747528076,0.0017389244,-17.6782970428,404.3984680176,-266.8601074219,0.9409907460,0.9891860485,0.9774904847,0.9729818702,0.9166757464,0.9707879424,0.1000720114,0.1428144574,1.1175583601,0.8297753334,0.1154408380,0.1426210999,1.2820029259,1.6946353912,0.0002645416,-0.4924140871,54.9073486328,0.0003977313,0.0140486239,37.7447166443,-15.3577671051,0.1026940942,0.1377792954,1.1531896591,1.0271377563,0.1265674084,0.1644043177,1.2570939064,1.6243219376,0.0002620012,0.5148597956,43.2938537598,0.0004018164,1.5649392605,51.1280822754,-23.2470169067,0.1008336693,0.1574103236,1.1277128458,0.7497458458,0.0982690305,0.1177696437,0.4442109168,0.0014834404,0.0002666975,-0.7266620994,58.1666450500,0.0004624889,0.7651254535,61.0896759033,2.5434350967,0.9507109523,0.8656128645,0.9629336596,0.5813353658,0.9287916422,0.6387416720,0.1384570301,0.1853677183,1.2741467953,0.6467685699,0.1819550544,0.1967260540,0.2151137739,-0.7872209549,0.0004895322,0.1544194221,67.1460342407,0.0008517868,-0.9838315248,56.3851165771,-31.4162635803,0.1417196542,0.1752271801,1.2015362978,0.5523786545,0.1849202216,0.2059659958,0.2794244885,-0.6653914452,0.0005078859,1.2649923563,46.2050209045,0.0008801817,0.4336834252,63.7442626953,-30.4831161499,0.1302233934,0.1875632852,1.1700090170,0.4805932045,0.1753918976,0.1905548871,-0.0923354477,-0.5899221897,0.0004987748,1.0995148420,64.6097946167,0.0009341955,0.3324065506,75.5173721313,-34.6853981018,0.9450890422,0.8881683946,0.9673626423,0.7592918277,0.9221624732,0.8114017248
data/processed/standardized_dataset/repository/goodrahstar-footprint-database-d25efc1/Dactyloscopic/Right/2-2.png,0,train,0.0766989812,0.1394819617,0.3938855827,0.7714538574,0.1108484790,0.1139834598,0.8417596817,0.1267805099,0.0001672473,-2.7394638062,25.8763389587,0.0001838141,-5.7445759773,91.1184692383,-44.5240554810,0.0601104200,0.1192084104,0.1912241280,1.0417447090,0.0910640880,0.0907377750,0.6203568578,-0.0044836998,0.0001265415,-3.0928807259,27.6536121368,0.0001531972,-3.5457451344,50.8746986389,-51.4946784973,0.0756646395,0.1353022903,0.2641908526,1.0279884338,0.0829319358,0.0872669220,0.7135546207,0.3973708153,0.0001645255,-2.6668138504,23.0652732849,0.0001674848,-4.0155739784,56.0416984558,-9.6046133041,0.8466275334,0.7521764040,0.9318566918,0.7969359756,0.8379536867,0.7957579494,0.0729182363,0.1281288117,-0.3349649012,0.3854506016,0.3393102586,0.3179996312,0.4891442657,-1.3338388205,0.0003802687,-2.7852983475,11.7760534286,0.0013907374,-23.8746948242,673.8858642578,-365.3297729492,0.0762852654,0.1374645680,0.3579540551,0.9494624138,0.3436484635,0.3243410885,0.5070251822,-1.3324586153,0.0003949938,-3.1706271172,14.8348979950,0.0014810014,-23.6430606842,660.4948730469,-350.4781799316,0.0662970394,0.1451219320,-0.2007226497,0.7056717873,0.3434053361,0.3231749535,0.5204974413,-1.3618338108,0.0003857009,-2.5179574490,9.2895069122,0.0014419259,-23.7108974457,666.3320312500,-417.9798889160,0.9565493464,0.9907453060,0.9691692591,0.9906883836,0.9508908391,0.9905558228,0.1164774150,0.2064449489,1.5489710569,1.8791942596,0.2963257432,0.3110421598,0.3206933737,-1.2033940554,0.0002560117,2.4107589722,62.8348388672,0.0006558164,-10.6590051651,407.8975524902,-154.4061737061,0.1155031249,0.1978618354,1.3340796232,1.4777731895,0.2800184786,0.3149065077,0.3735470474,-1.0745022297,0.0002529642,1.7367850542,56.9699516296,0.0006348976,-13.6789875031,452.3107299805,-142.4336853027,0.1053936183,0.1883471608,1.4192199707,1.5687003136,0.2834602594,0.3050289750,0.3836245537,-1.1000962257,0.0002285523,0.2409399152,38.7823333740,0.0006386237,-11.2767305374,412.4685058594,-168.9539184570,0.9512690902,0.9633133411,0.9522433877,0.9458097219,0.9463732243,0.9528841972,0.1518908739,0.2301693261,1.4028638601,1.1304349899,0.3128108382,0.3127328753,0.3237478733,-1.1301366091,0.0004707821,-1.8456470966,56.6384468079,0.0010630309,-14.9595127106,451.2434692383,-105.9444580078,0.1461250186,0.2276005745,1.3036118746,1.0174684525,0.3002315760,0.3353893459,0.2799123228,-1.1122401953,0.0004832489,-2.1697611809,60.4131240845,0.0010685619,-17.6921024323,515.3515014648,-105.4621276855,0.1424675584,0.2259266526,1.4291244745,1.3333745003,0.3011497855,0.3140632212,0.2992138863,-1.1120729446,0.0004674825,-1.8640173674,63.7397766113,0.0010490840,-15.4625577927,451.7817687988,-111.3813095093,0.9548853636,0.9391855597,0.9658802748,0.9170212150,0.9483849406,0.9218661189
data/processed/standardized_dataset/Left/27-1.png,0,train,0.0691669285,0.1218652204,2.3148322105,7.2185382843,0.0487339422,0.0845899284,-0.1363318861,2.7414617538,0.0001622565,-9.9228525162,176.9983673096,0.0001468581,-3.0585350990,24.3827342987,29.5415554047,0.0674377233,0.1164219752,2.2828207016,7.2601165771,0.0515707098,0.0920053422,-0.2331226319,3.3705654144,0.0001599546,-9.3037319183,161.6796722412,0.0001566900,-3.5803091526,33.2810897827,23.5283946991,0.0676927418,0.1169881672,2.2120950222,6.9436702728,0.0532076955,0.0868202448,-0.0209202822,1.9189190865,0.0001643107,-9.0513134003,155.0220794678,0.0001675079,-3.1058769226,18.7122306824,21.3982257843,0.9903626442,0.9834768176,0.9798217416,0.9465586543,0.9814461470,0.9451525807,0.0404732265,0.0744154602,1.3842474222,2.4810056686,0.0949434862,0.1248771250,1.0868887901,2.0763645172,0.0015459760,-2.0846219063,8.2301988602,0.0027604040,-4.3618836403,24.2353324890,-134.5834350586,0.0408064201,0.0742512047,1.3730291128,2.4130859375,0.0996120572,0.1248403788,1.0485256910,2.0629110336,0.0015455543,-2.0948340893,8.0283365250,0.0028041569,-4.3997359276,24.4358463287,-144.1087799072,0.0436755419,0.0671704710,0.4940769076,0.0956625938,0.0935382023,0.1086392924,0.4303484559,1.3469948769,0.0011474349,-1.3976211548,4.0866899490,0.0019324766,-3.4013478756,16.7181720734,-114.1660919189,0.9981929064,0.9989735484,0.9402720332,0.9715625644,0.9394172430,0.9722945690,0.0734129250,0.0878540576,1.9667618275,6.0684041977,0.0941798463,0.0914026946,0.9398236275,1.1193075180,0.0003435709,2.5249705315,29.8789901733,0.0004214238,3.5337767601,49.4022178650,-28.2878265381,0.0730771720,0.0872346163,1.9712976217,6.1286945343,0.0914060324,0.0916195959,0.9692426324,1.0607700348,0.0003408154,2.6128857136,29.9056091309,0.0004148328,3.3788936138,46.7859725952,-25.0815124512,0.0637778789,0.0772613063,1.8009730577,6.2359876633,0.0830469802,0.0759446472,0.9810080528,1.6954298019,0.0002964864,2.1098895073,23.2045860291,0.0003704972,2.6383888721,33.0937194824,-30.2128295898,0.9943849444,0.9920167923,0.9861201048,0.9843155742,0.9870793223,0.9762545824,0.1137858406,0.1255410761,1.9027349949,3.7925767899,0.1364122778,0.1026913673,0.7441929579,-0.1674630642,0.0006269295,2.9607744217,29.6314163208,0.0006399216,2.7027363777,25.0701541901,-19.8851070404,0.1131489500,0.1252122968,1.9068790674,3.8321313858,0.1372321993,0.1017307788,0.7032932639,-0.2179169655,0.0006188964,3.0009229183,29.8617401123,0.0006363913,2.6686358452,24.5394554138,-21.2845535278,0.0995538980,0.1108422652,1.9392168522,4.5585012436,0.1231013834,0.0944709554,0.8239905834,0.1666560173,0.0005404809,2.4881579876,24.3973388672,0.0005743736,2.2499284744,18.6508083344,-23.6530017853,0.9951656461,0.9952683449,0.9911594391,0.9893234372,0.9919705391,0.9878504872
data/processed/standardized_dataset/Left/28-2.png,0,test,0.0828206912,0.1470403373,1.7501856089,8.0065565109,0.0386061296,0.0883832201,-0.2727928162,2.0285978317,0.0002933386,-10.7615785599,182.8455810547,0.0001933279,-1.4371554852,9.3759937286,53.3858871460,0.0884896517,0.1410692334,2.1493396759,7.6099338531,0.0386818200,0.0996232331,-0.1550963521,1.8675627708,0.0002980037,-10.5244197845,177.2623138428,0.0001974318,-1.9836510420,14.5232238770,56.2866172791,0.0857668668,0.1446671039,1.9144147635,7.7715435028,0.0376582742,0.1002477035,-0.2288111001,2.2850408554,0.0002947288,-10.5113945007,176.8832244873,0.0001968482,-1.8890089989,15.1305751801,56.0922813416,0.9943821430,0.9756168127,0.9950476289,0.9834201932,0.9966322780,0.9847207069,0.0714342073,0.0699219033,0.0570357069,0.7667152882,0.1114182547,0.1201705933,0.1084338278,0.6740159988,0.0010805262,-1.4465012550,0.9571304321,0.0009610648,-3.0818169117,26.0957565308,-55.9732513428,0.0738299415,0.0708931684,0.0486590490,0.4430115223,0.1145710796,0.1330759525,0.1132941470,0.7679905891,0.0011037802,-1.4264314175,0.8861012459,0.0009820969,-3.5469369888,33.1190681458,-55.1824073792,0.0736378133,0.0704607368,0.0572262183,0.5544543266,0.1145312116,0.1262704432,0.0936884731,0.7301890850,0.0011009286,-1.4347840548,0.9115223885,0.0009720873,-3.3307485580,29.5726203918,-55.5331497192,0.9990667105,0.9951758981,0.9990248680,0.9973931909,0.9992144108,0.9971363544,0.0460466594,0.0665772334,0.5645381212,1.1865911484,0.0712951794,0.0759279281,1.2664767504,2.6976766586,0.0002785396,0.9937537313,9.5601148605,0.0003428000,1.7017664909,18.4386062622,-54.8324699402,0.0459473580,0.0666932091,0.6004894972,1.3787312508,0.0673808977,0.0806993097,1.1821050644,2.4883337021,0.0002734626,0.9910482168,9.8903970718,0.0003354161,1.7008794546,19.3968544006,-46.6480369568,0.0455942601,0.0662272200,0.5699617863,1.3104100227,0.0705365911,0.0761110261,1.2949415445,2.6801204681,0.0002758757,0.9673561454,9.5484237671,0.0003363307,1.6413762569,17.8071269989,-54.7049789429,0.9965869188,0.9874853492,0.9961640239,0.9961527586,0.9969871640,0.9929391146,0.0750737637,0.1024329439,1.8543140888,4.8011612892,0.1238276064,0.1083206534,0.9939237237,0.3930885792,0.0004309537,2.2067971230,18.5835304260,0.0004841774,1.7902165651,14.3022727966,-64.9412536621,0.0753866285,0.1035402566,1.8910377026,4.9663453102,0.1273243874,0.1133226380,0.8937894702,0.2928240299,0.0004248997,2.2840933800,19.3375396729,0.0004805245,1.9819750786,16.4595260620,-68.8951873779,0.0744977742,0.1018231660,1.8618831635,4.9055905342,0.1258969158,0.1103650481,0.9527853131,0.3129949570,0.0004273956,2.2354142666,18.6519813538,0.0004794642,1.8680583239,14.9947280884,-68.9941940308,0.9963710904,0.9882502556,0.9956541657,0.9948713183,0.9973056316,0.9946734309
data/processed/standardized_dataset/Left/28-3.png,0,train,0.0704186484,0.1529712677,0.0644048452,8.4428272247,0.0481007323,0.0928726047,0.3399577737,3.3029851913,0.0002275388,-12.7681970596,251.1726684570,0.0001365836,-2.5851273537,22.1526126862,31.6931896210,0.0760796517,0.1431652606,0.9477121234,9.4730920792,0.0586194806,0.1220805719,0.3937929869,4.1782584190,0.0002280600,-13.7690124512,272.0371093750,0.0001490785,-5.6788444519,85.2159652710,22.9498577118,0.0777344629,0.1435231417,0.8590226769,9.8733415604,0.0473083891,0.0937306583,0.2713063061,3.3177061081,0.0002338636,-13.8427667618,277.3570861816,0.0001368781,-2.9573919773,30.6435432434,39.1410369873,0.9888393879,0.9488362074,0.9914788604,0.9743706584,0.9956408739,0.9637079835,0.0392272547,0.0643176362,0.3534273505,0.1226091385,0.0836201012,0.1303324252,0.3781678081,0.2584364414,0.0013193416,-1.8447377682,5.1222324371,0.0016334273,-1.9717775583,22.7442321777,-113.1683731079,0.0402271897,0.0647958815,0.3622821867,0.1654036045,0.0903085917,0.1215042397,0.6230085492,0.3103942871,0.0013443481,-1.8822660446,5.1128215790,0.0016346191,-2.0365798473,23.3754920959,-124.4963989258,0.0408488438,0.0648067817,0.3562207818,0.2072405815,0.0886511281,0.1249900535,0.5645301938,0.3544478416,0.0013365984,-1.8963700533,5.0978221893,0.0016203857,-2.1352450848,24.1565532684,-117.0223693848,0.9985261559,0.9955483675,0.9966470599,0.9952816963,0.9973031878,0.9965822101,0.0488801077,0.0704941750,1.0463124514,2.8488140106,0.0943949521,0.1426490694,0.7811370492,0.1550896168,0.0003728079,1.3585342169,15.5466766357,0.0004506640,1.8352205753,18.7913513184,-93.1152725220,0.0488113761,0.0704315156,1.0072925091,2.8078427315,0.0990395695,0.1295380890,0.7453165054,-0.0339565277,0.0003710695,1.3285937309,15.5771636963,0.0004467908,1.8716509342,18.6292018890,-102.9026412964,0.0483864285,0.0698942989,0.9369875789,2.5253295898,0.0924119800,0.1274330616,0.7859007120,0.1295299530,0.0003694626,1.2694628239,15.2302551270,0.0004431470,1.6224874258,16.1902980804,-90.9873962402,0.9941650033,0.9890172482,0.9940901995,0.9938464165,0.9967297316,0.9947234392,0.0670617819,0.0920590982,2.0960366726,6.3420639038,0.1669481695,0.1590425074,0.6115593314,-0.3938546181,0.0005804118,2.2519526482,19.0271816254,0.0005894417,2.6889593601,22.7856788635,-148.9468078613,0.0673019662,0.0924390927,2.0810735226,6.3256616592,0.1755347699,0.1668451875,0.6263802648,-0.4699618816,0.0005771811,2.2238833904,19.1163539886,0.0005931220,3.0841529369,28.0805530548,-160.8166961670,0.0661373138,0.0909238458,1.9898979664,6.0704879761,0.1697244495,0.1619410664,0.6821323633,-0.3638844490,0.0005732233,2.1679449081,18.6606636047,0.0005858861,2.7613911629,23.8125400543,-156.6243438721,0.9932495356,0.9911847711,0.9934756160,0.9933511615,0.9967891574,0.9941081405
data/processed/standardized_dataset/repository/goodrahstar-footprint-database-d25efc1/Dactyloscopic/Right/2-3.png,0,train,0.0672385097,0.1005410627,0.5374488235,1.5486164093,0.0725001767,0.0708440766,0.7115952969,1.1644062996,0.0002067110,-2.7852518559,24.1849861145,0.0002037179,-0.5685915947,3.9253301620,-7.8253774643,0.0651372969,0.1116783693,0.6354007721,1.7606287003,0.0744219050,0.0825247988,0.5441586375,1.3852190971,0.0001731955,-4.0712690353,36.7307128906,0.0001659074,-1.4328141212,14.5970077515,-14.2539043427,0.0466533676,0.0847352892,-0.0083003594,1.8714427948,0.0471625365,0.0563450903,-0.2844906449,1.1366939545,0.0001861851,-2.0760927200,14.7947387695,0.0001873722,-0.4185567498,2.9662146568,-1.0913873911,0.8811817169,0.5959058404,0.9179809093,0.7294158936,0.8160790205,0.6829933524,0.1171847135,0.1261058301,0.1329586208,0.7468469143,0.3000056148,0.2151363939,0.2765678763,-1.4530079365,0.0006615708,-3.4911279678,28.5577716827,0.0011301627,-9.5767507553,140.3652496338,-156.0108795166,0.1267905086,0.1439990401,0.2793824077,0.7565140724,0.3897611797,0.2684863806,0.0489611700,-1.7370839119,0.0006854197,-4.4392971992,38.6641349792,0.0013363293,-13.7575359344,321.8276672363,-207.4056396484,0.1080678329,0.1296128035,-0.0106085762,0.2819197178,0.4088286459,0.2611757815,0.0479570962,-1.5294036865,0.0006571410,-3.0894570351,20.0888557434,0.0014582316,-13.7891197205,263.6430664062,-278.3074340820,0.9653424025,0.5709875226,0.9746682644,0.5036097765,0.9561885595,0.6064336896,0.1276204139,0.1762268096,1.4350597858,2.1090025902,0.4850705862,0.2877632976,-0.1277228892,-1.7133144140,0.0003962477,-7.5609455109,199.3536987305,0.0012568028,-3.6322498322,122.7072830200,-280.0885620117,0.1397875845,0.1724999845,1.5338188410,2.1428942680,0.5181375146,0.3180990219,-0.1167683303,-1.7445429564,0.0004164419,-7.4128012657,194.9964141846,0.0013088885,-5.7608747482,196.1203155518,-270.6606140137,0.1303973496,0.1555286646,1.1720455885,1.5195913315,0.5234152675,0.3013029397,-0.0804431364,-1.6918271780,0.0004103458,-6.0978994370,171.8552703857,0.0014389126,-4.4766731262,156.3274383545,-301.4002380371,0.9718962908,0.3783221245,0.9668762684,-0.2215968221,0.9665944576,0.3070324957,0.1577944309,0.1674051434,1.1645492315,1.2661962509,0.5501477718,0.2958339453,-0.2804264128,-1.7231266499,0.0006535230,-2.9547007084,130.6603698730,0.0021322852,-7.7033295631,131.9598236084,-248.6484069824,0.1747268438,0.1711009443,1.4243117571,1.5496959686,0.5123274922,0.3082827628,-0.0552287400,-1.6702332497,0.0007227118,-3.3268868923,118.9738998413,0.0017783908,-5.9923357964,143.3820953369,-193.2162475586,0.1689650416,0.1623064727,0.8755961657,0.6730232239,0.6016010046,0.2892759442,-0.2080430984,-1.6054412127,0.0007128838,-1.6967792511,103.2605285645,0.0028705054,-6.6799087524,153.3176269531,-256.0505676270,0.9678830504,-0.0415741876,0.9619807601,-0.4736867845,0.9586687088,0.0577268191
data/processed/standardized_dataset/repository/goodrahstar-footprint-database-d25efc1/Dactyloscopic/Right/2-4.png,0,train,0.0343253762,0.0622473657,-0.0674883053,0.0442199707,0.0415046886,0.0548087880,-0.2966939211,0.9804463387,0.0001546880,-1.0938234329,6.1032447815,0.0001699698,-0.3209415674,2.0438318253,-20.9154663086,0.0377262309,0.0705100819,0.2735660970,1.2693719864,0.0408215635,0.0659773275,-0.2396794260,1.2704534531,0.0001298842,-1.5710525513,13.3067474365,0.0001376109,-0.5439548492,3.0303621292,-8.2047224045,0.0340215676,0.0667618439,-0.0567991100,0.0870132446,0.0430225022,0.0553581268,-0.5094516277,1.5184788704,0.0001540487,-1.1964547634,5.9440155029,0.0001753229,-0.2918797731,2.5441169739,-26.4565544128,0.8368573189,0.6992040873,0.8892323971,0.7495513558,0.8385442495,0.7337970734,0.0799858421,0.0964653268,-0.3114205599,0.8879315853,0.1017648056,0.1087119132,0.1311136633,1.7584004402,0.0007199493,-1.6808137894,8.3307819366,0.0009811480,-11.2421922684,192.5747985840,-27.2285232544,0.0859672278,0.1074210629,-0.1965704262,1.0652046204,0.1051692963,0.1184562370,0.4982837737,5.5246067047,0.0007253826,-2.7238247395,13.6397628784,0.0009917357,-11.6209096909,204.6063842773,-22.3364982605,0.0738224536,0.0987059847,-0.3379033208,0.9293718338,0.0881044492,0.1318779737,-1.0395017862,2.7440977097,0.0007117572,-1.2884398699,11.2066144943,0.0009111289,-9.8043422699,152.9862213135,-19.3464107513,0.9491125941,0.9716877937,0.9847173691,0.9712827802,0.9427547455,0.9497640729,0.0572340749,0.1054025143,-0.9687331915,3.7400207520,0.1296151131,0.1028195918,0.1517336816,-1.0290437937,0.0003431980,4.9116787910,89.8969421387,0.0002939900,0.8950458765,8.2708711624,-126.4649429321,0.0638615415,0.1072233692,-1.0280331373,3.4660863876,0.1383080631,0.1071759909,0.0658348277,-1.0477938652,0.0003528120,4.7121114731,78.6263809204,0.0003028292,0.9785978794,8.9034585953,-116.5748901367,0.0601357594,0.1111263409,-0.7798202038,2.6237463951,0.1516064256,0.1192047745,0.3182535470,-0.8620491028,0.0003662119,5.2869863510,95.4873123169,0.0003132978,1.9029951096,18.2041950226,-152.1069488525,0.9537147880,0.8104215264,0.9722521305,0.7543445230,0.9519174099,0.7652788758,0.0784006044,0.1377664655,-0.5516542792,2.3472561836,0.1552848220,0.1184107214,0.6766102314,-0.4241750240,0.0005545660,2.8457252979,55.8751106262,0.0004902870,0.8593409061,7.5444841385,-98.0658493042,0.0912426561,0.1413641572,-0.5861236453,2.3814382553,0.1654751748,0.1200148836,0.6134123802,-0.6324317455,0.0006039410,2.6211853027,37.3242301941,0.0005225105,1.0583841801,7.0529203415,-81.3572540283,0.0855316892,0.1508460343,-0.4165999889,1.6404571533,0.1665738672,0.1221922785,0.3949565291,-1.0547171831,0.0005995083,3.4235153198,50.8359947205,0.0004786513,0.9752670527,7.0636291504,-94.7510528564,0.9421057105,0.7370111346,0.9518656731,0.6634706855,0.9350926876,0.6543246508
data/processed/standardized_dataset/repository/goodrahstar-footprint-database-d25efc1/Dactyloscopic/Right/2-5.png,0,train,0.0383207947,0.0706036389,-0.0351174287,0.0748066902,0.0446909592,0.0774952844,-0.3765520453,1.5713100433,0.0001141181,-1.4044579268,5.7709655762,0.0001440733,-1.3506187201,8.7278013229,-16.6232585907,0.0436799750,0.0798705742,0.1099597216,0.2366721630,0.0433719158,0.0794102624,0.0550044514,3.0243544579,0.0001057328,-0.8450773358,7.5525875092,0.0001232501,-1.5379456282,13.5632076263,0.7052640319,0.0416094847,0.0826684758,-0.1599002033,0.0231702328,0.0414080471,0.0693436041,-0.2724035680,0.8115198612,0.0001214824,-1.2282584906,5.9390850067,0.0001429407,-0.6764284968,3.1905231476,0.4841146767,0.7392079234,0.5536642671,0.8812085986,0.6593297720,0.7413061261,0.6338590384,0.1118180603,0.1615381688,1.1619832516,1.4624438286,0.1599405855,0.2231721431,1.0332255363,0.0838494301,0.0003909635,-5.9502902031,95.8141784668,0.0006078099,-14.3766746521,276.2713928223,-43.0364532471,0.1060046330,0.1670212299,1.2950669527,1.3311152458,0.1575082093,0.2070068270,1.0628286600,-0.3012838364,0.0004165844,-5.2095551491,113.0326309204,0.0006008616,-14.6099252701,247.1489562988,-48.5861549377,0.1109090894,0.1679816395,0.8642329574,0.7568366528,0.1598170698,0.2092871666,1.0195510387,-0.1600654125,0.0004046630,-2.8557255268,95.0181732178,0.0005923673,-14.5833511353,260.6334228516,-44.0973587036,0.9641926289,0.9134027958,0.9738767743,0.9513884187,0.9772820473,0.9526085258,0.1028780043,0.1210362613,0.9046568274,0.8605351448,0.1535327882,0.1353914142,-0.0229154173,0.1200795174,0.0002064373,-1.2208652496,64.9112396240,0.0002050191,5.4408907890,71.1407699585,-49.2377204895,0.1043615490,0.1155065298,0.9110727906,0.7985422611,0.1315841377,0.1386814266,0.5636289120,0.0583508015,0.0001993616,-0.2915596962,62.6047210693,0.0001768576,2.7086868286,29.1622848511,-26.0848827362,0.1000034213,0.1137017831,0.8509691954,0.5158503056,0.1323666126,0.1509881914,0.1554205716,-0.6559085846,0.0001988128,0.4534998238,62.0043182373,0.0001811128,2.3142337799,26.9630451202,-32.3620834351,0.9539266825,0.6483579278,0.9703797102,0.6449801326,0.9625351429,0.5988295078,0.1451405287,0.1411593854,1.0246415138,0.7657344341,0.2474205345,0.1731749773,0.0228552856,-0.0666298866,0.0003970227,0.3141950071,58.2092361450,0.0003903364,9.4471673965,174.1666107178,-70.4696350098,0.1470174491,0.1349994242,1.0810074806,0.7182519436,0.2105618715,0.1660216004,0.6162633300,-0.9188299179,0.0004012188,1.4682477713,54.6166801453,0.0003506559,1.1654245853,43.6421813965,-43.2223663330,0.1406323314,0.1452452242,0.8135362267,0.4396188259,0.2135040462,0.1870594621,0.4657286406,-1.2720974684,0.0004032907,2.1309442520,54.8490486145,0.0003306617,1.4291301966,35.2697067261,-51.8171844482,0.9606161118,0.4902561307,0.9730247259,0.5293366909,0.9599162340,0.5732415915
data/processed/standardized_dataset/Left/28-4.png,0,train,0.0429660082,0.1719284356,-0.0919043049,4.2199678421,0.0471485816,0.0935414732,-0.1108488515,0.8859462738,0.0001919071,-7.3084239960,111.9435348511,0.0001668537,-1.1077049971,7.8835325241,-9.7346105576,0.0400912836,0.1741193980,-0.3497623801,4.5472707748,0.0541947521,0.1383701563,-0.2517302036,0.8253850937,0.0001889556,-7.7050890923,122.2964248657,0.0001760396,-1.9138513803,14.1290111542,-35.1783905029,0.0407061577,0.1736388505,-0.2995636761,4.3762445450,0.0493739136,0.1299610436,-0.1495488435,0.9429183006,0.0001921496,-7.4019961357,114.2674560547,0.0001740724,-1.6007992029,10.7434644699,-21.2934761047,0.9837538600,0.9467195868,0.9867291451,0.9638978243,0.9936511517,0.9766031504,0.0894349068,0.0958140343,0.9047942162,1.4306268692,0.0961102396,0.1164287031,0.0008731884,0.2805142403,0.0012856040,-2.5632514954,11.9957389832,0.0010966838,-2.4159622192,16.5926322937,-7.4639010429,0.0905762836,0.0934305713,0.8285632133,1.2226152420,0.0975199044,0.1278128177,0.0095986333,0.4375762939,0.0013050279,-2.5140135288,10.9120788574,0.0011118153,-2.7413454056,20.8613986969,-7.6660470963,0.0912725180,0.0946955085,0.8534008265,1.2607469559,0.0981745347,0.1226109937,-0.0171467122,0.4803605080,0.0013014290,-2.4892864227,11.0932722092,0.0011005284,-2.5704023838,18.7510967255,-7.5619878769,0.9985153675,0.9965092540,0.9982722402,0.9968264699,0.9986598492,0.9962777495,0.0689847693,0.1055731848,1.8079793453,4.3535051346,0.0714707375,0.0610077940,0.4980881810,0.5012357235,0.0003433724,2.5244822502,36.8565368652,0.0003787780,0.7099049091,7.1644954681,-3.6036479473,0.0685683861,0.1045501903,1.7974060774,4.3741970062,0.0683994442,0.0648072734,0.6347260475,0.5951066017,0.0003388584,2.6411561966,36.9476394653,0.0003755044,0.5953732133,6.4863824844,0.2463845611,0.0684610158,0.1054196358,1.8044933081,4.3791007996,0.0680326223,0.0585500784,0.4293610454,0.5978741646,0.0003378258,2.5864603519,37.7811546326,0.0003775166,0.6342830658,6.7301883698,0.6257480383,0.9935984015,0.9902362227,0.9946355820,0.9948897958,0.9971083999,0.9934109449,0.0767915994,0.1006618068,1.5351334810,3.5468831062,0.1148325875,0.1016801819,0.9549334645,0.2124657631,0.0005124343,2.0333597660,14.0205001831,0.0005343612,1.4116275311,8.7904052734,-49.5379562378,0.0768560246,0.1012162790,1.4912927151,3.3406887054,0.1178863123,0.1062363461,0.9494283199,0.1435265541,0.0005087372,2.0365145206,14.0848617554,0.0005345143,1.5820928812,10.4443120956,-53.3859100342,0.0760307908,0.1003028825,1.4851484299,3.3167386055,0.1144952998,0.1028078720,0.9798657894,0.2672486305,0.0005036811,2.0497622490,14.1267757416,0.0005316196,1.4765640497,9.3096466064,-50.5906982422,0.9918473959,0.9886133671,0.9942231178,0.9919475317,0.9958369136,0.9940409660
data/processed/standardized_dataset/Left/3-3.png,0,train,0.0653696358,0.1082449108,2.4725949764,9.9582490921,0.0565996617,0.1018976569,0.3414140940,4.2684235573,0.0001784337,-10.5011959076,185.1281127930,0.0001560100,-4.5462918282,60.9809532166,13.4159755707,0.0658424199,0.1053129360,2.4628713131,10.2714672089,0.0563806966,0.0988197625,0.2361384779,5.6039934158,0.0001765416,-10.5584049225,185.8740081787,0.0001537059,-5.2574729919,73.2505416870,14.3702545166,0.0572660193,0.0889109075,2.7576591969,12.5438337326,0.0510070808,0.0848087668,0.2100277841,4.7541856766,0.0002032957,-7.1224207878,110.0061264038,0.0001901369,-2.7249338627,33.9331207275,10.9295854568,0.9915512800,0.9742768407,0.9087450504,0.8416720629,0.8946243525,0.8136568666,0.0255273208,0.0607145466,0.5714345574,2.0382924080,0.0658506081,0.0744659677,0.3798095882,-0.2472274303,0.0012550344,-0.6159406900,2.8947992325,0.0026184679,-0.2635683417,7.6608600616,-157.9613037109,0.0251865089,0.0606138147,0.5757597089,2.0810203552,0.0641106442,0.0716155991,0.3758734167,-0.2749314308,0.0013638166,-0.4437194765,2.7863626480,0.0028679420,-0.0885067955,7.1532459259,-154.5435943604,0.0410410613,0.0710048750,0.1022056192,1.1805033684,0.0813021511,0.0910902619,0.4138925970,0.5937247276,0.0011636672,-1.4533892870,1.5819954872,0.0018164602,-1.4992194176,12.8985557556,-98.0995330811,0.9858996272,0.9902122617,0.6582406759,0.8124961257,0.6019818187,0.7534701228,0.0513238981,0.0831427053,1.8256494999,6.0001430511,0.0941516459,0.0863786936,0.8457013965,0.1854577065,0.0004277430,1.9626320601,17.9006023407,0.0005882687,1.2386666536,11.7663221359,-83.4460144043,0.0556429401,0.0887594968,1.9568891525,6.2160053253,0.0974416062,0.0867701247,0.7851968408,-0.0521762371,0.0004602855,2.2486476898,21.5285778046,0.0006157570,1.3457771540,11.7422027588,-75.1194458008,0.0398942865,0.0657814443,0.8120214343,2.6563663483,0.0765353143,0.0694904104,0.7229573727,0.2499341965,0.0003699205,0.7705117464,6.9381656647,0.0005336607,0.6424595714,6.7811660767,-91.8452987671,0.9910027385,0.9912905097,0.7606881261,0.8274397254,0.7178167105,0.7858310342,0.0732723251,0.1068705097,2.5218849182,8.1521215439,0.1137009189,0.1054741517,1.1803686619,0.7376921177,0.0006234584,3.4023733139,26.5301742554,0.0007444241,1.8956828117,13.7848796844,-55.1758041382,0.0789160728,0.1143576130,2.5411612988,7.7843170166,0.1223147884,0.1133012772,1.1420398951,0.5844082832,0.0006642106,3.7741334438,31.0595932007,0.0007788372,2.2775154114,17.9575119019,-54.9935073853,0.0568542667,0.0785722882,1.9091252089,6.8205471039,0.0926980227,0.0823814720,1.1359101534,1.0759096146,0.0005697809,1.6109318733,11.2064695358,0.0007024577,1.1191383600,6.1027736664,-63.0449714661,0.9891563654,0.9898517728,0.7939525843,0.8093906045,0.7659983039,0.7683364153
data/processed/standardized_dataset/repository/goodrahstar-footprint-database-d25efc1/Dactyloscopic/Right/3-1.png,0,test,0.0346579812,0.0621158294,0.1143331528,0.1191418171,0.0357094221,0.0505322181,-0.2769363523,-0.0885615349,0.0002107179,-0.7299503088,2.7949547768,0.0002068198,-0.3922152817,2.2807898521,-3.0337624550,0.0349584967,0.0650559887,-0.1818641424,0.9592890739,0.0368416868,0.0690083876,-0.2245433629,0.3633847237,0.0001358065,-0.6705006957,8.2856779099,0.0001368302,-0.3527295887,6.0369720459,-5.3869309425,0.0349687673,0.0614016242,-0.1077237427,0.1014339924,0.0376998633,0.0568177812,-0.2497880906,0.0277926922,0.0001545052,-0.5074224472,5.7302684784,0.0001592268,-0.1691500843,3.4887013435,-7.8101010323,0.7105709314,0.7596110702,0.8004496694,0.7891632318,0.9082090259,0.9053324461,0.0895608962,0.0902159140,1.5173665285,4.8366470337,0.1215487868,0.1075349227,0.5950649977,-0.7198679447,0.0007106360,-2.7033855915,16.9258556366,0.0007370933,-3.6469306946,31.1965408325,-35.7163581848,0.0908756629,0.0986576602,1.6113030910,3.5812139511,0.1118733883,0.0967642739,0.3022388518,-0.8726396561,0.0007036740,-3.7683053017,33.6688957214,0.0008968427,-2.4299755096,22.2517948151,-23.1059951782,0.0938027650,0.1009142250,1.7737032175,4.4397425652,0.1110058352,0.0997209549,0.3656884134,-0.8308303356,0.0006783206,-3.9503095150,36.2806739807,0.0008222959,-2.4447262287,22.1259708405,-18.3396186829,0.8631302118,0.9115298390,0.9027775526,0.9290017486,0.9764544368,0.9787286520,0.1699147522,0.1606338173,1.6653988361,2.4455013275,0.1109910682,0.0891191736,0.3554019332,-0.3946864605,0.0006709668,-4.1629986763,113.6932983398,0.0003942663,2.7798104286,32.0924186707,34.6783790588,0.1722534597,0.1562722176,1.7199639082,2.8518610001,0.1135288104,0.0870078504,0.3521516323,-0.6355066299,0.0007014528,-3.8138773441,93.8873443604,0.0003952602,2.3800690174,27.0246486664,34.0919990540,0.1625187099,0.1487098187,1.9733606577,4.1184663773,0.1061390638,0.0829596519,0.3448407352,-0.4191150665,0.0006929542,-4.0257735252,91.5642242432,0.0003862830,2.4302754402,25.0289840698,34.6911735535,0.9733666778,0.9281527400,0.9731366038,0.9448711276,0.9905630350,0.9790050387,0.1775536239,0.1540600210,2.0817875862,4.5601835251,0.1959071904,0.1697702110,0.6581382751,-1.0292233229,0.0010347959,1.8046764135,95.5076370239,0.0006252206,5.0442996025,67.7523956299,-10.3369150162,0.1771133542,0.1475199610,2.1454820633,5.1396541595,0.1883579791,0.1591352224,0.6283042431,-1.0545015335,0.0011266420,1.3845223188,73.1807098389,0.0006539645,3.1350729465,38.3764610291,-6.3488292694,0.1715773046,0.1495553553,2.2710280418,5.6357154846,0.1814269274,0.1552182287,0.6274701953,-1.0298750401,0.0011149164,1.2762148380,68.0689773560,0.0006364099,3.4379014969,40.0948333740,-5.7406325340,0.9660512805,0.9002847075,0.9624322653,0.9247157574,0.9865693450,0.9731881022
data/processed/standardized_dataset/repository/goodrahstar-footprint-database-d25efc1/Dactyloscopic/Right/3-2.png,0,train,0.0533946231,0.0988566279,0.0532155000,0.8184788227,0.0522731282,0.1242260635,-0.0200066511,1.3023166656,0.0001966925,-1.1151003838,6.8193988800,0.0001947683,-1.5325973034,11.6749773026,2.1003892422,0.0558718145,0.1290528625,0.2849888206,1.5912389755,0.0518469587,0.1569887698,0.1796513200,1.4661774635,0.0001344018,-1.7294092178,18.8322315216,0.0001364822,-2.4468615055,29.4964904785,7.2037320137,0.0605705269,0.1226943359,0.7194338441,1.6785192490,0.0555528477,0.1491380334,0.1479685456,1.4659337997,0.0001546322,-1.5571959019,13.5297622681,0.0001513647,-2.1208808422,24.2338428497,8.2840280533,0.7529957294,0.6707057953,0.7974006534,0.7263247371,0.9142197967,0.9113882780,0.1639056653,0.1570313871,1.1670719385,0.7504038811,0.0730409548,0.0952189565,0.9305719137,0.2786779404,0.0007250886,-6.6202449799,78.0300369263,0.0005199313,-1.7643802166,9.1441936493,55.4371986389,0.1486083269,0.1594678164,1.1931931973,0.6635851860,0.0606578551,0.0795924142,0.8895806074,-0.1695656776,0.0007515294,-6.2650661469,79.1072921753,0.0006718696,-0.8126724958,10.3066549301,59.1827354431,0.1454844177,0.1586675048,1.2232084274,0.8131761551,0.0639166534,0.0840603411,0.8966376185,-0.1177961826,0.0007231415,-6.3994560242,79.5489959717,0.0006259034,-1.1075804234,10.2285594940,56.0663223267,0.8346760869,0.7912191153,0.8823291063,0.8480179310,0.9855054617,0.9794047475,0.2454796284,0.2372212559,1.1963162422,0.2683479786,0.1595858037,0.1724699438,0.9089114666,0.3157501221,0.0006994786,-6.5289287567,225.6348876953,0.0003468098,3.2172822952,39.3831520081,34.9902038574,0.2414534986,0.2275548130,1.2408740520,0.3614277840,0.1762598157,0.1758659184,0.8874158263,0.2697451115,0.0007249799,-5.4224452972,200.2563476562,0.0003578644,3.5575742722,46.8482704163,27.0005130768,0.2428748012,0.2329816818,1.2454253435,0.3761854172,0.1710398644,0.1770490706,0.9061632156,0.2921755314,0.0007205484,-5.6533484459,199.2421569824,0.0003556518,3.3753335476,44.6010589600,29.5769405365,0.9794930816,0.8882347345,0.9847061634,0.9296616912,0.9937543273,0.9772174954,0.2955341935,0.2712038755,0.9282480478,-0.5864696503,0.2327800840,0.2122419477,0.7989212871,-0.6707177162,0.0010660203,-9.0390033722,255.3262023926,0.0005042880,6.6676974297,114.3552169800,21.2341289520,0.2807434797,0.2609483898,1.0045011044,-0.4382717609,0.2277152240,0.1931563318,0.7754530907,-0.6238915920,0.0011013815,-8.2429666519,223.4823913574,0.0005923579,5.3567557335,88.7838363647,18.8885078430,0.2844456434,0.2623580992,0.9460756779,-0.5792396069,0.2222772837,0.1946814805,0.7829976678,-0.7185659409,0.0011165011,-7.9889030457,225.2886199951,0.0005637291,5.1943707466,83.0310058594,21.8559722900,0.9693655968,0.8407538533,0.9809543490,0.8894787431,0.9926915169,0.9719667435
data/processed/standardized_dataset/repository/goodrahstar-footprint-database-d25efc1/Dactyloscopic/Right/3-3.png,0,train,0.0829507858,0.1180280447,1.0630540848,3.2538385391,0.0318811499,0.0587159097,-0.2333355546,0.9962615967,0.0002398174,-4.0554418564,57.4807357788,0.0001779260,-0.6631268263,3.0280790329,61.5661888123,0.0845659822,0.1327096969,1.2010750771,3.5297517776,0.0285163186,0.0588893481,-0.1958065182,0.8204746246,0.0002090994,-5.0658249855,82.4686279297,0.0001589432,-0.4932177067,3.2586994171,66.2792053223,0.0805839300,0.1242344752,0.9264950752,3.2938880920,0.0299466290,0.0576738268,-0.2278633863,0.6431319714,0.0002283019,-4.2947907448,64.0065765381,0.0001702004,-0.4526593685,2.8305549622,62.8379631042,0.8849380612,0.7400014997,0.9096919894,0.8055214882,0.9409211278,0.9085017443,0.3001101017,0.2434548587,0.8439750075,-0.6258833408,0.0446333773,0.0617691949,0.9264473915,0.5082674026,0.0009093858,-11.8960189819,225.3821258545,0.0003497468,-1.6893061399,5.8050575256,85.1276626587,0.2811536491,0.2556154430,0.9921399951,-0.4543888569,0.0373894460,0.0627068579,1.5180128813,2.8575992584,0.0009104128,-13.5251760483,265.8247985840,0.0003961392,-2.2767713070,12.1469764709,86.7014160156,0.2557138801,0.2462009639,0.9915992618,-0.4706842899,0.0379586481,0.0618206337,1.2528214455,1.5756058693,0.0008067439,-10.8583841324,185.3377075195,0.0003693124,-2.0944838524,9.4709644318,85.1558151245,0.9803565145,0.8557966352,0.9797428250,0.9145498872,0.9875509143,0.9742587805,0.3735775352,0.2411905974,0.4924935102,-1.0877882242,0.1628924906,0.1403453946,0.6649079919,-0.3153119087,0.0009673822,-9.2915773392,239.3463439941,0.0002298767,2.2339773178,37.1314964294,56.3966026306,0.3605511785,0.2427555472,0.5497279763,-1.1054719687,0.1477299333,0.1193642840,0.5617226362,-0.2970860004,0.0009928568,-9.5364637375,238.7513732910,0.0002579080,1.5864511728,23.1677074432,59.0266380310,0.3444750309,0.2371122539,0.6247885823,-0.9765958786,0.1459473073,0.1228214577,0.6010227203,-0.3897547722,0.0009303531,-7.6854491234,200.4536590576,0.0002433433,1.6044238806,22.1879253387,57.6319618225,0.9952802658,0.9129701853,0.9936187863,0.9408355355,0.9947344065,0.9791506529,0.4588880539,0.2494399995,0.2833197713,-1.2650483847,0.2362205386,0.1946931481,0.4026643634,-1.3474950790,0.0016869362,-8.7502698898,241.8643798828,0.0003275174,4.9188485146,57.1786499023,48.5232772827,0.4246071577,0.2563222349,0.4481444359,-1.2498528957,0.2029993236,0.1575269848,0.3936947584,-1.3041141033,0.0017183147,-9.0475473404,242.9803314209,0.0003882669,2.8438549042,28.4570102692,52.1912612915,0.4210875034,0.2525970638,0.4651195407,-1.1918785572,0.2088578790,0.1707856357,0.4376346469,-1.3685302734,0.0016310816,-7.7091994286,209.7495727539,0.0003577270,3.1258327961,29.8161010742,50.4003601074,0.9951458573,0.8778315783,0.9943143129,0.9230868220,0.9958696961,0.9718851447
data/processed/standardized_dataset/repository/goodrahstar-footprint-database-d25efc1/Dactyloscopic/Right/3-4.png,0,train,0.0791825652,0.0935220942,1.4088091850,2.6709589958,0.0417288207,0.0776694790,-0.2499081790,0.7788803577,0.0002649224,-3.1426124573,34.4596633911,0.0002079465,-0.7465752363,2.9543008804,47.3004951477,0.0812181458,0.1082996204,1.8141045570,3.8798756599,0.0444858111,0.1092271432,0.0638077036,1.4121646881,0.0001955875,-4.5005183220,64.9842376709,0.0001418345,-0.9124917388,7.2997875214,45.2267570496,0.0760634169,0.0989576280,1.4951384068,3.2229328156,0.0444367900,0.0965374187,-0.0609372519,1.4306869507,0.0002142474,-3.6760315895,50.0624237061,0.0001581216,-0.7225835919,4.6992621422,41.5792884827,0.8380811214,0.7125906944,0.8738327026,0.7637667656,0.9625800848,0.9205598831,0.1249376833,0.0925710052,0.3265862465,0.3409900665,0.0621087514,0.0798542649,0.8581533432,-0.1815280914,0.0008270867,-2.6591570377,19.4926567078,0.0005089280,-1.7100256681,9.4856729507,50.2882156372,0.1002322435,0.0973281115,0.7925044298,1.0019035339,0.0540163144,0.0735769421,0.9522435069,0.4057652950,0.0008591983,-3.4367272854,35.1176261902,0.0006432756,-0.6982973218,14.9375534058,46.1088447571,0.1119122431,0.1064568013,0.9487813711,0.9781422615,0.0572237857,0.0757972300,0.9221116304,0.0089817047,0.0008415811,-4.3451738358,46.7381477356,0.0005966132,-1.1191724539,13.8599891663,48.8672676086,0.8470453620,0.7812781334,0.8860145211,0.8520965576,0.9826530814,0.9748755097,0.2135783136,0.1605405509,1.0180437565,0.0227727890,0.1327568442,0.1269206852,0.9964877367,0.8229713440,0.0008551631,-5.0485730171,125.4227294922,0.0003184689,3.3472762108,51.8319053650,37.8416099548,0.2103024274,0.1558090150,1.0754375458,0.1593914032,0.1400757730,0.1279808283,0.9011218548,0.6725966930,0.0008495629,-3.8797290325,102.2629394531,0.0003230376,3.1663517952,46.7938232422,33.3931732178,0.2025755793,0.1472451240,1.0257322788,0.1035044193,0.1328723282,0.1273503006,1.0538941622,0.7788867950,0.0008374646,-4.4791269302,101.6924285889,0.0003190556,3.0366976261,43.7799530029,34.4085159302,0.9828268290,0.9001600146,0.9840914607,0.9332061410,0.9944381714,0.9798569083,0.1620417386,0.1159306914,0.9310644865,1.1777925491,0.2148586810,0.1995255947,0.9687784910,-0.1016719341,0.0010608580,2.4166395664,65.7426834106,0.0004857781,7.4168276787,135.7243347168,-32.5946540833,0.1614947617,0.1087510735,1.0347169638,1.3420901299,0.2053772807,0.1834578961,0.9262530804,-0.1763336658,0.0011174304,2.4007167816,56.9043922424,0.0005331452,5.5299930573,89.0958023071,-27.1727199554,0.1530175656,0.1093588322,1.0869685411,1.5225467682,0.2004157752,0.1848984212,0.9598067999,-0.1827967167,0.0011057464,1.9624603987,49.0451316833,0.0005117521,5.4127359390,86.9979095459,-30.9756660461,0.9675078392,0.8319416642,0.9722937942,0.8927172422,0.9886918068,0.9710670114
data/processed/standardized_dataset/repository/goodrahstar-footprint-database-d25efc1/Dactyloscopic/Right/3-5.png,0,train,0.0363322645,0.0643486008,0.0360690057,0.2046523094,0.0430656187,0.0759303644,0.2294462621,0.9480969906,0.0001788868,-1.3251304626,4.8490877151,0.0001651567,-0.6786809564,3.0700726509,-18.5327129364,0.0340932906,0.0645137206,-0.2979721129,0.4285037518,0.0453000478,0.0865134671,0.4314843714,1.9060478210,0.0001518536,-0.7992643714,5.6124134064,0.0001425453,-0.8276013136,6.2832288742,-32.8708572388,0.0357956067,0.0660772696,-0.1548224688,0.2908535004,0.0445616022,0.0821592212,0.4012747407,1.5515766144,0.0001701327,-0.8923872709,5.8407840729,0.0001498933,-0.7735841274,4.9236078262,-24.4890270233,0.8084495664,0.6939921379,0.8626729846,0.7794938087,0.9132386446,0.8944758177,0.1090265363,0.0886087641,-0.4090868831,0.7333717346,0.0564213991,0.0771302804,1.0305867195,0.7006068230,0.0006619169,-1.0579632521,12.6280612946,0.0003785838,-1.2362439632,5.2691736221,48.2498474121,0.0834694654,0.0876236111,-0.4112714529,0.8908581734,0.0490504541,0.0711807311,0.9457877874,0.7528223991,0.0006140077,-1.8458162546,14.9720306396,0.0004225253,-1.0483474731,5.1404399872,41.2354507446,0.0840790048,0.0894843489,-0.3868902922,0.8347637653,0.0513322577,0.0717072263,1.0020154715,0.5425715446,0.0006181936,-2.3782808781,17.3053264618,0.0004107268,-1.2085670233,5.3690319061,38.9475898743,0.9481322765,0.8885941505,0.9470264912,0.9325801134,0.9819194078,0.9753147364,0.1957037300,0.1209069118,1.7929011583,3.3648333549,0.1432445347,0.1239912957,1.3769602776,1.7623310089,0.0007120434,4.8481159210,203.8178253174,0.0002820641,3.9334828854,48.4974822998,26.8054141998,0.1959193647,0.1200105697,1.5963963270,2.6514000893,0.1483342797,0.1223854944,1.2897953987,1.5878725052,0.0007207765,2.3796219826,168.1398773193,0.0002991464,3.6954450607,45.7511444092,24.2880973816,0.1859561354,0.1148706228,1.4992121458,2.4582710266,0.1448856443,0.1232400388,1.2985020876,1.5964798927,0.0006912494,0.7255926728,143.7143554688,0.0002928394,3.5733640194,44.1168861389,22.0861186981,0.9873483181,0.9280959964,0.9788111448,0.9567585588,0.9913729429,0.9816388488,0.2224669755,0.1617073864,1.3225160837,1.2507905960,0.2275497466,0.1766185462,1.1165134907,0.5214946270,0.0009712661,8.2354698181,136.7719421387,0.0004127973,9.3589773178,177.2263641357,-2.2847306728,0.2119494081,0.1551011056,1.5917232037,1.8786067963,0.2179924697,0.1652865559,1.0354970694,0.3028969765,0.0010133075,7.1146116257,122.7897415161,0.0004471228,7.6656131744,136.7409210205,-2.8511812687,0.2096638978,0.1423757970,1.4609268904,1.4283289909,0.2181791961,0.1710540056,1.0135719776,0.1494233608,0.0009962405,7.1584758759,123.8890533447,0.0004251796,7.7791967392,138.9341735840,-4.0614042282,0.9840542674,0.8890742064,0.9824882150,0.9317290187,0.9911752939,0.9732557535
data/processed/standardized_dataset/repository/goodrahstar-footprint-database-d25efc1/Dactyloscopic/Right/4-1.png,0,train,0.0506833754,0.0621788912,0.4055925608,0.8229830265,0.0374738686,0.0672618374,-0.3233197927,1.9466285706,0.0002147243,-2.0124652386,15.3076877594,0.0001447202,-0.5093671083,3.7877473831,26.0627994537,0.0581106618,0.0740328729,1.0762537718,2.5936245918,0.0419685021,0.0916367993,-0.0812134370,3.2180557251,0.0001537694,-5.0099430084,57.3957939148,0.0001043590,-1.6247507334,10.4302244186,27.7783107758,0.0557363257,0.0710874945,1.0206069946,2.8220014572,0.0398136526,0.0870850757,0.0440890417,2.9786100388,0.0001621335,-4.1668491364,44.6862792969,0.0001090053,-1.4390653372,9.1878814697,28.5678558350,0.7861227989,0.6806208491,0.8400728106,0.7529518604,0.9515397549,0.8914087415,0.0917196646,0.1244896427,2.3265042305,5.5622272491,0.0540960543,0.0688753128,1.0588620901,1.6163840294,0.0009922674,-6.9777340889,106.1865005493,0.0010682507,-1.4167238474,9.7814178467,41.0202217102,0.0692572072,0.1143682823,1.5238283873,3.0047793388,0.0515014753,0.0675759390,0.8304672837,0.4937722683,0.0013572008,-2.7964706421,45.9170417786,0.0018640809,-0.5132165551,5.7230558395,25.6373786926,0.0743240863,0.1239882335,1.9111101627,4.1581783295,0.0499620587,0.0653156340,0.7101159096,0.3602144718,0.0012188209,-3.8076317310,64.7040634155,0.0016160718,-0.4979642928,4.9245462418,32.7781066895,0.7269854546,0.8716266751,0.7662187219,0.8863793612,0.9861028790,0.9832043052,0.1560924053,0.1728868484,2.1409866810,4.3002586365,0.0956303775,0.0787673444,0.9705122113,1.2854595184,0.0009467510,-4.7598395348,169.6132659912,0.0005364130,0.6372408271,11.0030469894,38.7347640991,0.1608724147,0.1692293137,1.9543356895,3.7518854141,0.1196003109,0.0922845528,0.7765090466,0.0818552971,0.0010036970,-4.6105918884,170.3555450439,0.0005570786,0.6344409585,10.8977775574,25.6551780701,0.1640394330,0.1703148335,2.1865408421,4.4572210312,0.1094119474,0.0842653736,0.8743838072,0.7602300644,0.0009757869,-4.9862165451,184.9874725342,0.0005385356,0.6102643013,10.2495088577,33.3014335632,0.9841150045,0.8942102790,0.9863592982,0.9172763824,0.9956763983,0.9842377305,0.1723861694,0.1743230075,2.3303813934,4.9631528854,0.1161399409,0.0868726075,0.6006156802,0.7160453796,0.0014409657,-6.7161955833,202.7481842041,0.0008680431,0.6212890148,9.3646078110,32.6280403137,0.1926859021,0.1762378663,2.0959753990,3.9352626801,0.1499130279,0.1111164987,0.6712304950,-0.3001775742,0.0015287384,-6.3588433266,201.9176483154,0.0008431427,0.9167799354,10.5526924133,22.1982383728,0.1906009018,0.1756770611,2.0862305164,3.8738889694,0.1340313703,0.1007581651,0.7704277635,0.0290873051,0.0015129658,-6.6302933693,207.9885406494,0.0008268619,0.7128473520,9.3189430237,29.6795711517,0.9793226123,0.8683925271,0.9818926454,0.8952382803,0.9938475490,0.9804373980
data/processed/standardized_dataset/repository/goodrahstar-footprint-database-d25efc1/Dactyloscopic/Right/4-2.png,0,train,0.0522581935,0.0679885074,0.5800957084,1.4583315849,0.0363583863,0.0676226690,-0.4178839922,0.7563729286,0.0002035883,-1.3380801678,8.3922271729,0.0001724063,-0.2215626538,2.6300678253,30.4254817963,0.0553275235,0.0867140740,0.9998478889,2.7452220917,0.0417791791,0.0927046165,-0.1235672310,1.4480466843,0.0001369697,-2.2617225647,22.5475158691,0.0001171782,-0.9212228656,5.8484706879,24.4875316620,0.0629738271,0.0974043086,1.6248065233,4.4390721321,0.0404319763,0.0821573213,-0.1929617822,1.2114424706,0.0001533780,-3.3122754097,33.1737403870,0.0001259273,-0.7846462131,3.7690753937,35.7955856323,0.7484107018,0.6487605572,0.7837045789,0.7407732606,0.8975098133,0.8886630535,0.0618193150,0.0649654344,0.3982610106,0.8367586136,0.0447845608,0.0615013167,0.5150671005,0.9615962505,0.0006556428,-1.9540697336,7.1816711426,0.0007292511,-0.7564818859,3.5594954491,27.5557155609,0.0417463742,0.0764659867,0.5045111775,0.6532459259,0.0428509898,0.0675502867,0.4419145584,3.6690955162,0.0008792023,0.0933446363,7.1076745987,0.0013123857,0.2011881173,3.1112456322,-2.6460156441,0.0454690680,0.0761367232,0.6262145042,0.6884555817,0.0430650786,0.0666726753,0.3467738926,3.5979270935,0.0007929857,-0.0848712325,7.3683948517,0.0011440711,0.2463117689,3.0535492897,5.2870874405,0.6146527529,0.8299518824,0.6937229633,0.8590808511,0.9803683758,0.9799461961,0.0981044695,0.1253982186,2.7291696072,7.5587720871,0.1065104306,0.0838863999,1.0853290558,3.0185365677,0.0004389101,9.8466053009,181.5331115723,0.0004284344,3.1711568832,47.3927230835,-8.5683774948,0.1170681193,0.1522577554,2.5813968182,6.4341983795,0.1246091574,0.0895311236,0.6495153904,0.9257636070,0.0004728877,11.1217889786,209.7726287842,0.0004718209,2.4435040951,33.3769340515,-6.4415812492,0.1117149591,0.1456043869,2.5160050392,5.8707923889,0.1151630059,0.0835058913,0.8072568178,1.9370212555,0.0004448458,8.4585943222,131.3759155273,0.0004569780,2.6093451977,36.3148193359,-3.0864682198,0.9477071166,0.9048587084,0.9409595728,0.9284836650,0.9707150459,0.9852607250,0.1204490140,0.1484573781,2.4543642998,5.5102367401,0.1418757737,0.1114830449,1.1040116549,1.9853725433,0.0007158545,6.3118863106,71.5628051758,0.0006794034,3.9800636768,60.3497810364,-17.7890701294,0.1460752636,0.1745529473,2.2692096233,4.3714494705,0.1657366902,0.1213072538,0.7078557014,0.4901781082,0.0008078341,8.1356639862,102.7057113647,0.0007259850,3.2592408657,43.7630691528,-13.4597921371,0.1353514344,0.1664177626,2.4069805145,5.0907306671,0.1513065547,0.1144295111,0.8227291107,0.9220461845,0.0007650769,7.2663202286,84.2771377563,0.0007103566,3.2032456398,43.3644180298,-11.7879209518,0.9389065504,0.8747009039,0.9479515553,0.9022691846,0.9804455638,0.9783018231
data/processed/standardized_dataset/repository/goodrahstar-footprint-database-d25efc1/Dactyloscopic/Right/4-3.png,0,train,0.0710478574,0.0916445851,1.6619422436,5.8603000641,0.0427003652,0.0705564469,-0.4274452031,1.6588420868,0.0002794240,-4.1010832787,45.5146865845,0.0001943594,-0.4850571156,2.4560599327,39.8991508484,0.0837827921,0.1050974652,2.0817952156,6.5011358261,0.0455068089,0.1000353545,0.0036655832,1.9696016312,0.0002394369,-6.7359256744,95.9130020142,0.0001393797,-1.1475254297,9.7206478119,45.6847801208,0.0806767941,0.0960513577,1.9591623545,5.9578838348,0.0434799045,0.0875173137,-0.2288391143,2.2729215622,0.0002453315,-5.9054107666,80.2825088501,0.0001546278,-0.6585783362,6.0256633759,46.1060562134,0.8584968448,0.6774774194,0.8935757279,0.7612395883,0.9596118927,0.8984376788,0.0889052600,0.0781129524,-0.0296552982,0.9768943787,0.0692708641,0.0758764148,0.6455516219,1.0493402481,0.0007299665,-1.6865152121,4.4178981781,0.0005295459,-1.1931256056,5.8453464508,22.0846271515,0.0652982667,0.0800734535,0.4942226112,0.9152834415,0.0574132875,0.0691382065,0.6596727371,0.7695875168,0.0006822614,-1.7906540632,9.1388492584,0.0007798462,-0.2091324329,4.4267549515,12.0753269196,0.0688608438,0.0800868496,0.4103701711,0.9130146503,0.0584431589,0.0714284852,0.5903870463,0.5388214588,0.0006482327,-1.9920821190,9.2116470337,0.0007014611,-0.4175552726,4.4266901016,15.1286048889,0.8081911206,0.7865377665,0.8717060089,0.8295341730,0.9794898629,0.9811977744,0.1020600945,0.1316680163,2.6110548973,6.5378751755,0.1389472038,0.1290356666,1.1120402813,1.3723807335,0.0004470011,2.8306391239,42.3568038940,0.0003975917,4.2501330376,65.2794647217,-36.1425399780,0.1093115956,0.1339842826,2.4505994320,5.7776985168,0.1399548650,0.1191901341,1.0736926794,1.1992049217,0.0004873257,2.5767972469,39.8167381287,0.0004265216,3.4814419746,49.1318626404,-28.0329532623,0.1085288674,0.1374193430,2.4874670506,5.8153543472,0.1330456585,0.1182612479,1.1879123449,1.5496792793,0.0004752377,3.2257337570,43.8477783203,0.0004164201,3.4354443550,49.6933135986,-22.5901107788,0.9583824277,0.9059913754,0.9716063142,0.9328048825,0.9896907210,0.9842402339,0.1454574168,0.1733082086,2.4983239174,5.6601924896,0.2025866807,0.1883620322,1.1399384737,0.5840699673,0.0008192302,4.2291426659,52.8093986511,0.0006076353,8.3193454742,157.9240875244,-39.2755928040,0.1436372995,0.1678386033,2.3457098007,5.0481853485,0.1875938028,0.1616082937,1.0406891108,0.4650385380,0.0009179415,3.3903708458,42.9672279358,0.0007081697,5.1031212807,80.7346191406,-30.6024303436,0.1425314546,0.1740467101,2.3722076416,5.0404367447,0.1772032529,0.1595389396,1.1288198233,0.7823605537,0.0008883034,4.0862245560,48.5688819885,0.0006811740,5.2237615585,82.8714370728,-24.3257179260,0.9522756934,0.8807429671,0.9688498378,0.9188274145,0.9904590845,0.9780755043
data/processed/standardized_dataset/repository/goodrahstar-footprint-database-d25efc1/Dactyloscopic/Right/4-4.png,0,train,0.0444377549,0.0609108806,-0.1105097830,0.0480320454,0.0337267779,0.0762533098,-0.2332867831,1.9489169121,0.0002330418,-1.0374099016,4.1915869713,0.0001956478,-0.9212849140,5.0585441589,24.1033267975,0.0454707220,0.0636781827,0.0008003439,1.3998522758,0.0306916460,0.1064414904,-0.1282242686,3.4739661217,0.0001586479,-1.8676040173,20.9357414246,0.0001212852,-2.0716810226,19.7696609497,32.5023994446,0.0469321087,0.0612893961,-0.0552356541,0.7382609844,0.0331239626,0.1075940281,-0.0797907487,3.5224723816,0.0001832595,-1.5565491915,15.6491317749,0.0001392189,-2.1403460503,21.3187122345,29.4215335846,0.7514708638,0.6725256443,0.7999045849,0.7626892328,0.9362546802,0.9177837968,0.0764456764,0.0811503232,-0.0221625529,0.9384627342,0.0533966385,0.0672157332,0.4324205220,-0.2399971485,0.0008859595,-1.6619349718,3.1542024612,0.0006179889,-0.8949372768,1.4729557037,30.1508712769,0.0480194762,0.0763791800,0.2886695862,0.7096896172,0.0435884856,0.0577445887,0.7233201265,-0.0253756046,0.0008386398,-1.5850613117,6.4051771164,0.0008940465,-0.3323114514,2.8393011093,9.2274866104,0.0507267006,0.0791528448,0.2276847959,0.5674569607,0.0466880277,0.0602604635,0.6775802970,-0.2054538727,0.0007845286,-1.7827725410,6.3801651001,0.0007864802,-0.4462553263,2.8074302673,7.9616312981,0.8103511333,0.7279621363,0.8628868461,0.7976869941,0.9832800031,0.9804669023,0.0823608786,0.1206984743,1.6138191223,5.4625148773,0.1174779907,0.1001320258,0.7836581469,0.1603839397,0.0005042014,12.3316755295,253.2145996094,0.0003841502,1.4126331806,16.3872241974,-42.6380996704,0.0861423314,0.1335982829,1.1044777632,4.1366810799,0.1324696243,0.0992505625,0.4541735947,-0.3238046169,0.0005440029,12.2791147232,249.8165283203,0.0004583761,1.1960779428,13.6518764496,-53.7799377441,0.0868989825,0.1292159557,1.4277354479,5.3174800873,0.1237503961,0.0971584618,0.5982651114,-0.0160529613,0.0005356868,13.2192010880,279.4911193848,0.0004381489,1.1924351454,12.9686584473,-42.4071846008,0.9484463334,0.8642364740,0.9593455195,0.9085974097,0.9871840477,0.9839806557,0.0941835940,0.1062562615,2.3166563511,7.8282117844,0.1781551093,0.1522107124,0.7491009831,-0.4613056183,0.0006855269,6.9556121826,92.3158493042,0.0005779347,3.4013049603,45.8250236511,-89.1572647095,0.0991873890,0.1097448617,2.0253894329,6.1493988037,0.1737992465,0.1302387267,0.5367284417,-0.5468723774,0.0008147675,6.4264941216,79.3727340698,0.0007446843,2.3225803375,27.6134567261,-75.2231292725,0.0965047777,0.1091931686,2.0627295971,6.7803363800,0.1660862267,0.1300869733,0.6285907030,-0.4673120975,0.0007970312,6.9062352180,90.3914489746,0.0007064944,2.2113249302,26.5221824646,-72.1015625000,0.9198202491,0.8370478153,0.9320662618,0.8921248913,0.9803019762,0.9795795679
